1,“莎头”组合力克韩国组合进决赛,new,https://www.toutiao.com/trending/7396068658239504438/?category_name=topic_innerflow&event_type=hot_board&log_pb=%7B%22category_name%22%3A%22topic_innerflow%22%2C%22cluster_type%22%3A%222%22%2C%22enter_from%22%3A%22click_category%22%2C%22entrance_hotspot%22%3A%22outside%22%2C%22event_type%22%3A%22hot_board%22%2C%22hot_board_cluster_id%22%3A%227396068658239504438%22%2C%22hot_board_impr_id%22%3A%2220240730003651E1C53212577EE1A5EDCA%22%2C%22jump_page%22%3A%22hot_board_page%22%2C%22location%22%3A%22news_hot_card%22%2C%22page_location%22%3A%22hot_board_page%22%2C%22rank%22%3A%221%22%2C%22source%22%3A%22trending_tab%22%2C%22style_id%22%3A%2240132%22%2C%22title%22%3A%22%E2%80%9C%E8%8E%8E%E5%A4%B4%E2%80%9D%E7%BB%84%E5%90%88%E5%8A%9B%E5%85%8B%E9%9F%A9%E5%9B%BD%E7%BB%84%E5%90%88%E8%BF%9B%E5%86%B3%E8%B5%9B%22%7D&rank=1&style_id=40132&topic_id=7396068658239504438
2,朝鲜胜中国香港晋级乒乓混双决赛,hot,https://www.toutiao.com/trending/7396265994265595429/?category_name=topic_innerflow&event_type=hot_board&log_pb=%7B%22category_name%22%3A%22topic_innerflow%22%2C%22cluster_type%22%3A%222%22%2C%22enter_from%22%3A%22click_category%22%2C%22entrance_hotspot%22%3A%22outside%22%2C%22event_type%22%3A%22hot_board%22%2C%22hot_board_cluster_id%22%3A%227396265994265595429%22%2C%22hot_board_impr_id%22%3A%2220240730003651E1C53212577EE1A5EDCA%22%2C%22jump_page%22%3A%22hot_board_page%22%2C%22location%22%3A%22news_hot_card%22%2C%22page_location%22%3A%22hot_board_page%22%2C%22rank%22%3A%222%22%2C%22source%22%3A%22trending_tab%22%2C%22style_id%22%3A%2240132%22%2C%22title%22%3A%22%E6%9C%9D%E9%B2%9C%E8%83%9C%E4%B8%AD%E5%9B%BD%E9%A6%99%E6%B8%AF%E6%99%8B%E7%BA%A7%E4%B9%92%E4%B9%93%E6%B7%B7%E5%8F%8C%E5%86%B3%E8%B5%9B%22%7D&rank=2&style_id=40132&topic_id=7396265994265595429
3,暑期“文博游”引领新风尚,,https://www.toutiao.com/article/7396996467724829236
4,荷兰队肉色泳裤爆红,,https://www.toutiao.com/trending/7396966799167766565/?category_name=topic_innerflow&event_type=hot_board&log_pb=%7B%22category_name%22%3A%22topic_innerflow%22%2C%22cluster_type%22%3A%221%22%2C%22enter_from%22%3A%22click_category%22%2C%22entrance_hotspot%22%3A%22outside%22%2C%22event_type%22%3A%22hot_board%22%2C%22hot_board_cluster_id%22%3A%227396966799167766565%22%2C%22hot_board_impr_id%22%3A%2220240730003651E1C53212577EE1A5EDCA%22%2C%22jump_page%22%3A%22hot_board_page%22%2C%22location%22%3A%22news_hot_card%22%2C%22page_location%22%3A%22hot_board_page%22%2C%22rank%22%3A%224%22%2C%22source%22%3A%22trending_tab%22%2C%22style_id%22%3A%2240132%22%2C%22title%22%3A%22%E8%8D%B7%E5%85%B0%E9%98%9F%E8%82%89%E8%89%B2%E6%B3%B3%E8%A3%A4%E7%88%86%E7%BA%A2%22%7D&rank=4&style_id=40132&topic_id=7396966799167766565
5,“干饭哥”终于能回家吃红烧肉了,,https://www.toutiao.com/trending/7397008589971472434/?category_name=topic_innerflow&event_type=hot_board&log_pb=%7B%22category_name%22%3A%22topic_innerflow%22%2C%22cluster_type%22%3A%228%22%2C%22enter_from%22%3A%22click_category%22%2C%22entrance_hotspot%22%3A%22outside%22%2C%22event_type%22%3A%22hot_board%22%2C%22hot_board_cluster_id%22%3A%227397008589971472434%22%2C%22hot_board_impr_id%22%3A%2220240730003651E1C53212577EE1A5EDCA%22%2C%22jump_page%22%3A%22hot_board_page%22%2C%22location%22%3A%22news_hot_card%22%2C%22page_location%22%3A%22hot_board_page%22%2C%22rank%22%3A%225%22%2C%22source%22%3A%22trending_tab%22%2C%22style_id%22%3A%2240132%22%2C%22title%22%3A%22%E2%80%9C%E5%B9%B2%E9%A5%AD%E5%93%A5%E2%80%9D%E7%BB%88%E4%BA%8E%E8%83%BD%E5%9B%9E%E5%AE%B6%E5%90%83%E7%BA%A2%E7%83%A7%E8%82%89%E4%BA%86%22%7D&rank=5&style_id=40132&topic_id=7397008589971472434
6,土耳其总统当众轻扇男孩一巴掌,,https://www.toutiao.com/trending/7396693533484810250/?category_name=topic_innerflow&event_type=hot_board&log_pb=%7B%22category_name%22%3A%22topic_innerflow%22%2C%22cluster_type%22%3A%226%22%2C%22enter_from%22%3A%22click_category%22%2C%22entrance_hotspot%22%3A%22outside%22%2C%22event_type%22%3A%22hot_board%22%2C%22hot_board_cluster_id%22%3A%227396693533484810250%22%2C%22hot_board_impr_id%22%3A%2220240730003651E1C53212577EE1A5EDCA%22%2C%22jump_page%22%3A%22hot_board_page%22%2C%22location%22%3A%22news_hot_card%22%2C%22page_location%22%3A%22hot_board_page%22%2C%22rank%22%3A%226%22%2C%22source%22%3A%22trending_tab%22%2C%22style_id%22%3A%2240132%22%2C%22title%22%3A%22%E5%9C%9F%E8%80%B3%E5%85%B6%E6%80%BB%E7%BB%9F%E5%BD%93%E4%BC%97%E8%BD%BB%E6%89%87%E7%94%B7%E5%AD%A9%E4%B8%80%E5%B7%B4%E6%8E%8C%22%7D&rank=6&style_id=40132&topic_id=7396693533484810250
7,媒体：意大利总理访华刺激了欧洲人,,https://www.toutiao.com/trending/7396393328231006217/?category_name=topic_innerflow&event_type=hot_board&log_pb=%7B%22category_name%22%3A%22topic_innerflow%22%2C%22cluster_type%22%3A%226%22%2C%22enter_from%22%3A%22click_category%22%2C%22entrance_hotspot%22%3A%22outside%22%2C%22event_type%22%3A%22hot_board%22%2C%22hot_board_cluster_id%22%3A%227396393328231006217%22%2C%22hot_board_impr_id%22%3A%2220240730003651E1C53212577EE1A5EDCA%22%2C%22jump_page%22%3A%22hot_board_page%22%2C%22location%22%3A%22news_hot_card%22%2C%22page_location%22%3A%22hot_board_page%22%2C%22rank%22%3A%227%22%2C%22source%22%3A%22trending_tab%22%2C%22style_id%22%3A%2240132%22%2C%22title%22%3A%22%E5%AA%92%E4%BD%93%EF%BC%9A%E6%84%8F%E5%A4%A7%E5%88%A9%E6%80%BB%E7%90%86%E8%AE%BF%E5%8D%8E%E5%88%BA%E6%BF%80%E4%BA%86%E6%AC%A7%E6%B4%B2%E4%BA%BA%22%7D&rank=7&style_id=40132&topic_id=7396393328231006217
8,“光靠干饭就”奥运双金王,hot,https://www.toutiao.com/trending/7396245873287597595/?category_name=topic_innerflow&event_type=hot_board&log_pb=%7B%22category_name%22%3A%22topic_innerflow%22%2C%22cluster_type%22%3A%222%22%2C%22enter_from%22%3A%22click_category%22%2C%22entrance_hotspot%22%3A%22outside%22%2C%22event_type%22%3A%22hot_board%22%2C%22hot_board_cluster_id%22%3A%227396245873287597595%22%2C%22hot_board_impr_id%22%3A%2220240730003651E1C53212577EE1A5EDCA%22%2C%22jump_page%22%3A%22hot_board_page%22%2C%22location%22%3A%22news_hot_card%22%2C%22page_location%22%3A%22hot_board_page%22%2C%22rank%22%3A%228%22%2C%22source%22%3A%22trending_tab%22%2C%22style_id%22%3A%2240132%22%2C%22title%22%3A%22%E2%80%9C%E5%85%89%E9%9D%A0%E5%B9%B2%E9%A5%AD%E5%B0%B1%E2%80%9D%E5%A5%A5%E8%BF%90%E5%8F%8C%E9%87%91%E7%8E%8B%22%7D&rank=8&style_id=40132&topic_id=7396245873287597595
9,方程豹豹5官降5万至23.98万起,,https://www.toutiao.com/trending/7394320028935471158/?category_name=topic_innerflow&event_type=hot_board&log_pb=%7B%22category_name%22%3A%22topic_innerflow%22%2C%22cluster_type%22%3A%221%22%2C%22enter_from%22%3A%22click_category%22%2C%22entrance_hotspot%22%3A%22outside%22%2C%22event_type%22%3A%22hot_board%22%2C%22hot_board_cluster_id%22%3A%227394320028935471158%22%2C%22hot_board_impr_id%22%3A%2220240730003651E1C53212577EE1A5EDCA%22%2C%22jump_page%22%3A%22hot_board_page%22%2C%22location%22%3A%22news_hot_card%22%2C%22page_location%22%3A%22hot_board_page%22%2C%22rank%22%3A%229%22%2C%22source%22%3A%22trending_tab%22%2C%22style_id%22%3A%2240132%22%2C%22title%22%3A%22%E6%96%B9%E7%A8%8B%E8%B1%B9%E8%B1%B95%E5%AE%98%E9%99%8D5%E4%B8%87%E8%87%B323.98%E4%B8%87%E8%B5%B7%22%7D&rank=9&style_id=40132&topic_id=7394320028935471158
10,狗子搬不动石头一直生气还不松手,new,https://www.toutiao.com/trending/7393889019857879067/?category_name=topic_innerflow&event_type=hot_board&log_pb=%7B%22category_name%22%3A%22topic_innerflow%22%2C%22cluster_type%22%3A%226%22%2C%22enter_from%22%3A%22click_category%22%2C%22entrance_hotspot%22%3A%22outside%22%2C%22event_type%22%3A%22hot_board%22%2C%22hot_board_cluster_id%22%3A%227393889019857879067%22%2C%22hot_board_impr_id%22%3A%2220240730003651E1C53212577EE1A5EDCA%22%2C%22jump_page%22%3A%22hot_board_page%22%2C%22location%22%3A%22news_hot_card%22%2C%22page_location%22%3A%22hot_board_page%22%2C%22rank%22%3A%2210%22%2C%22source%22%3A%22trending_tab%22%2C%22style_id%22%3A%2240132%22%2C%22title%22%3A%22%E7%8B%97%E5%AD%90%E6%90%AC%E4%B8%8D%E5%8A%A8%E7%9F%B3%E5%A4%B4%E4%B8%80%E7%9B%B4%E7%94%9F%E6%B0%94%E8%BF%98%E4%B8%8D%E6%9D%BE%E6%89%8B%22%7D&rank=10&style_id=40132&topic_id=7393889019857879067
11,樊振东回应被分到“死亡半区”,,https://www.toutiao.com/trending/7396195653975608883/?category_name=topic_innerflow&event_type=hot_board&log_pb=%7B%22category_name%22%3A%22topic_innerflow%22%2C%22cluster_type%22%3A%222%22%2C%22enter_from%22%3A%22click_category%22%2C%22entrance_hotspot%22%3A%22outside%22%2C%22event_type%22%3A%22hot_board%22%2C%22hot_board_cluster_id%22%3A%227396195653975608883%22%2C%22hot_board_impr_id%22%3A%2220240730003651E1C53212577EE1A5EDCA%22%2C%22jump_page%22%3A%22hot_board_page%22%2C%22location%22%3A%22news_hot_card%22%2C%22page_location%22%3A%22hot_board_page%22%2C%22rank%22%3A%2211%22%2C%22source%22%3A%22trending_tab%22%2C%22style_id%22%3A%2240132%22%2C%22title%22%3A%22%E6%A8%8A%E6%8C%AF%E4%B8%9C%E5%9B%9E%E5%BA%94%E8%A2%AB%E5%88%86%E5%88%B0%E2%80%9C%E6%AD%BB%E4%BA%A1%E5%8D%8A%E5%8C%BA%E2%80%9D%22%7D&rank=11&style_id=40132&topic_id=7396195653975608883
12,美民调：特朗普支持率下滑至36%,,https://www.toutiao.com/trending/7395715453517103155/?category_name=topic_innerflow&event_type=hot_board&log_pb=%7B%22category_name%22%3A%22topic_innerflow%22%2C%22cluster_type%22%3A%226%22%2C%22enter_from%22%3A%22click_category%22%2C%22entrance_hotspot%22%3A%22outside%22%2C%22event_type%22%3A%22hot_board%22%2C%22hot_board_cluster_id%22%3A%227395715453517103155%22%2C%22hot_board_impr_id%22%3A%2220240730003651E1C53212577EE1A5EDCA%22%2C%22jump_page%22%3A%22hot_board_page%22%2C%22location%22%3A%22news_hot_card%22%2C%22page_location%22%3A%22hot_board_page%22%2C%22rank%22%3A%2212%22%2C%22source%22%3A%22trending_tab%22%2C%22style_id%22%3A%2240132%22%2C%22title%22%3A%22%E7%BE%8E%E6%B0%91%E8%B0%83%EF%BC%9A%E7%89%B9%E6%9C%97%E6%99%AE%E6%94%AF%E6%8C%81%E7%8E%87%E4%B8%8B%E6%BB%91%E8%87%B336%25%22%7D&rank=12&style_id=40132&topic_id=7395715453517103155
13,女正部李微微被查,,https://www.toutiao.com/trending/7396949144298078235/?category_name=topic_innerflow&event_type=hot_board&log_pb=%7B%22category_name%22%3A%22topic_innerflow%22%2C%22cluster_type%22%3A%222%22%2C%22enter_from%22%3A%22click_category%22%2C%22entrance_hotspot%22%3A%22outside%22%2C%22event_type%22%3A%22hot_board%22%2C%22hot_board_cluster_id%22%3A%227396949144298078235%22%2C%22hot_board_impr_id%22%3A%2220240730003651E1C53212577EE1A5EDCA%22%2C%22jump_page%22%3A%22hot_board_page%22%2C%22location%22%3A%22news_hot_card%22%2C%22page_location%22%3A%22hot_board_page%22%2C%22rank%22%3A%2213%22%2C%22source%22%3A%22trending_tab%22%2C%22style_id%22%3A%2240132%22%2C%22title%22%3A%22%E5%A5%B3%E6%AD%A3%E9%83%A8%E6%9D%8E%E5%BE%AE%E5%BE%AE%E8%A2%AB%E6%9F%A5%22%7D&rank=13&style_id=40132&topic_id=7396949144298078235
14,韩国人找到了国旗被挂错的原因,,https://www.toutiao.com/trending/7395919133969354251/?category_name=topic_innerflow&event_type=hot_board&log_pb=%7B%22category_name%22%3A%22topic_innerflow%22%2C%22cluster_type%22%3A%221%22%2C%22enter_from%22%3A%22click_category%22%2C%22entrance_hotspot%22%3A%22outside%22%2C%22event_type%22%3A%22hot_board%22%2C%22hot_board_cluster_id%22%3A%227395919133969354251%22%2C%22hot_board_impr_id%22%3A%2220240730003651E1C53212577EE1A5EDCA%22%2C%22jump_page%22%3A%22hot_board_page%22%2C%22location%22%3A%22news_hot_card%22%2C%22page_location%22%3A%22hot_board_page%22%2C%22rank%22%3A%2214%22%2C%22source%22%3A%22trending_tab%22%2C%22style_id%22%3A%2240132%22%2C%22title%22%3A%22%E9%9F%A9%E5%9B%BD%E4%BA%BA%E6%89%BE%E5%88%B0%E4%BA%86%E5%9B%BD%E6%97%97%E8%A2%AB%E6%8C%82%E9%94%99%E7%9A%84%E5%8E%9F%E5%9B%A0%22%7D&rank=14&style_id=40132&topic_id=7395919133969354251
15,山东19万文科生滑档？谣言,refuteRumors,https://www.toutiao.com/trending/7396498996715847707/?category_name=topic_innerflow&event_type=hot_board&log_pb=%7B%22category_name%22%3A%22topic_innerflow%22%2C%22cluster_type%22%3A%222%22%2C%22enter_from%22%3A%22click_category%22%2C%22entrance_hotspot%22%3A%22outside%22%2C%22event_type%22%3A%22hot_board%22%2C%22hot_board_cluster_id%22%3A%227396498996715847707%22%2C%22hot_board_impr_id%22%3A%2220240730003651E1C53212577EE1A5EDCA%22%2C%22jump_page%22%3A%22hot_board_page%22%2C%22location%22%3A%22news_hot_card%22%2C%22page_location%22%3A%22hot_board_page%22%2C%22rank%22%3A%2215%22%2C%22source%22%3A%22trending_tab%22%2C%22style_id%22%3A%2240132%22%2C%22title%22%3A%22%E5%B1%B1%E4%B8%9C19%E4%B8%87%E6%96%87%E7%A7%91%E7%94%9F%E6%BB%91%E6%A1%A3%EF%BC%9F%E8%B0%A3%E8%A8%80%22%7D&rank=15&style_id=40132&topic_id=7396498996715847707
16,爸爸欺负妈妈 儿子反手砸懵爸爸,,https://www.toutiao.com/trending/7395163484977741835/?category_name=topic_innerflow&event_type=hot_board&log_pb=%7B%22category_name%22%3A%22topic_innerflow%22%2C%22cluster_type%22%3A%226%22%2C%22enter_from%22%3A%22click_category%22%2C%22entrance_hotspot%22%3A%22outside%22%2C%22event_type%22%3A%22hot_board%22%2C%22hot_board_cluster_id%22%3A%227395163484977741835%22%2C%22hot_board_impr_id%22%3A%2220240730003651E1C53212577EE1A5EDCA%22%2C%22jump_page%22%3A%22hot_board_page%22%2C%22location%22%3A%22news_hot_card%22%2C%22page_location%22%3A%22hot_board_page%22%2C%22rank%22%3A%2216%22%2C%22source%22%3A%22trending_tab%22%2C%22style_id%22%3A%2240132%22%2C%22title%22%3A%22%E7%88%B8%E7%88%B8%E6%AC%BA%E8%B4%9F%E5%A6%88%E5%A6%88+%E5%84%BF%E5%AD%90%E5%8F%8D%E6%89%8B%E7%A0%B8%E6%87%B5%E7%88%B8%E7%88%B8%22%7D&rank=16&style_id=40132&topic_id=7395163484977741835
17,中国跳水奥运金牌总数已超美国,,https://www.toutiao.com/trending/7397011359541497371/?category_name=topic_innerflow&event_type=hot_board&log_pb=%7B%22category_name%22%3A%22topic_innerflow%22%2C%22cluster_type%22%3A%225%22%2C%22enter_from%22%3A%22click_category%22%2C%22entrance_hotspot%22%3A%22outside%22%2C%22event_type%22%3A%22hot_board%22%2C%22hot_board_cluster_id%22%3A%227397011359541497371%22%2C%22hot_board_impr_id%22%3A%2220240730003651E1C53212577EE1A5EDCA%22%2C%22jump_page%22%3A%22hot_board_page%22%2C%22location%22%3A%22news_hot_card%22%2C%22page_location%22%3A%22hot_board_page%22%2C%22rank%22%3A%2217%22%2C%22source%22%3A%22trending_tab%22%2C%22style_id%22%3A%2240132%22%2C%22title%22%3A%22%E4%B8%AD%E5%9B%BD%E8%B7%B3%E6%B0%B4%E5%A5%A5%E8%BF%90%E9%87%91%E7%89%8C%E6%80%BB%E6%95%B0%E5%B7%B2%E8%B6%85%E7%BE%8E%E5%9B%BD%22%7D&rank=17&style_id=40132&topic_id=7397011359541497371
18,参院民主党领袖：特朗普后悔选万斯,,https://www.toutiao.com/trending/7396875190472720403/?category_name=topic_innerflow&event_type=hot_board&log_pb=%7B%22category_name%22%3A%22topic_innerflow%22%2C%22cluster_type%22%3A%226%22%2C%22enter_from%22%3A%22click_category%22%2C%22entrance_hotspot%22%3A%22outside%22%2C%22event_type%22%3A%22hot_board%22%2C%22hot_board_cluster_id%22%3A%227396875190472720403%22%2C%22hot_board_impr_id%22%3A%2220240730003651E1C53212577EE1A5EDCA%22%2C%22jump_page%22%3A%22hot_board_page%22%2C%22location%22%3A%22news_hot_card%22%2C%22page_location%22%3A%22hot_board_page%22%2C%22rank%22%3A%2218%22%2C%22source%22%3A%22trending_tab%22%2C%22style_id%22%3A%2240132%22%2C%22title%22%3A%22%E5%8F%82%E9%99%A2%E6%B0%91%E4%B8%BB%E5%85%9A%E9%A2%86%E8%A2%96%EF%BC%9A%E7%89%B9%E6%9C%97%E6%99%AE%E5%90%8E%E6%82%94%E9%80%89%E4%B8%87%E6%96%AF%22%7D&rank=18&style_id=40132&topic_id=7396875190472720403
19,男子不慎踩中翻板钩 脚掌扎满鱼钩,,https://www.toutiao.com/trending/7396997303615897609/?category_name=topic_innerflow&event_type=hot_board&log_pb=%7B%22category_name%22%3A%22topic_innerflow%22%2C%22cluster_type%22%3A%226%22%2C%22enter_from%22%3A%22click_category%22%2C%22entrance_hotspot%22%3A%22outside%22%2C%22event_type%22%3A%22hot_board%22%2C%22hot_board_cluster_id%22%3A%227396997303615897609%22%2C%22hot_board_impr_id%22%3A%2220240730003651E1C53212577EE1A5EDCA%22%2C%22jump_page%22%3A%22hot_board_page%22%2C%22location%22%3A%22news_hot_card%22%2C%22page_location%22%3A%22hot_board_page%22%2C%22rank%22%3A%2219%22%2C%22source%22%3A%22trending_tab%22%2C%22style_id%22%3A%2240132%22%2C%22title%22%3A%22%E7%94%B7%E5%AD%90%E4%B8%8D%E6%85%8E%E8%B8%A9%E4%B8%AD%E7%BF%BB%E6%9D%BF%E9%92%A9+%E8%84%9A%E6%8E%8C%E6%89%8E%E6%BB%A1%E9%B1%BC%E9%92%A9%22%7D&rank=19&style_id=40132&topic_id=7396997303615897609
20,杨昊夺冠后父亲一秒“变脸”,,https://www.toutiao.com/trending/7397038571016306726/?category_name=topic_innerflow&event_type=hot_board&log_pb=%7B%22category_name%22%3A%22topic_innerflow%22%2C%22cluster_type%22%3A%226%22%2C%22enter_from%22%3A%22click_category%22%2C%22entrance_hotspot%22%3A%22outside%22%2C%22event_type%22%3A%22hot_board%22%2C%22hot_board_cluster_id%22%3A%227397038571016306726%22%2C%22hot_board_impr_id%22%3A%2220240730003651E1C53212577EE1A5EDCA%22%2C%22jump_page%22%3A%22hot_board_page%22%2C%22location%22%3A%22news_hot_card%22%2C%22page_location%22%3A%22hot_board_page%22%2C%22rank%22%3A%2220%22%2C%22source%22%3A%22trending_tab%22%2C%22style_id%22%3A%2240132%22%2C%22title%22%3A%22%E6%9D%A8%E6%98%8A%E5%A4%BA%E5%86%A0%E5%90%8E%E7%88%B6%E4%BA%B2%E4%B8%80%E7%A7%92%E2%80%9C%E5%8F%98%E8%84%B8%E2%80%9D%22%7D&rank=20&style_id=40132&topic_id=7397038571016306726
21,实拍西安暴雨城市内涝,onSite,https://www.toutiao.com/trending/7396868473890242614/?category_name=topic_innerflow&event_type=hot_board&log_pb=%7B%22category_name%22%3A%22topic_innerflow%22%2C%22cluster_type%22%3A%221%22%2C%22enter_from%22%3A%22click_category%22%2C%22entrance_hotspot%22%3A%22outside%22%2C%22event_type%22%3A%22hot_board%22%2C%22hot_board_cluster_id%22%3A%227396868473890242614%22%2C%22hot_board_impr_id%22%3A%2220240730003651E1C53212577EE1A5EDCA%22%2C%22jump_page%22%3A%22hot_board_page%22%2C%22location%22%3A%22news_hot_card%22%2C%22page_location%22%3A%22hot_board_page%22%2C%22rank%22%3A%2221%22%2C%22source%22%3A%22trending_tab%22%2C%22style_id%22%3A%2240132%22%2C%22title%22%3A%22%E5%AE%9E%E6%8B%8D%E8%A5%BF%E5%AE%89%E6%9A%B4%E9%9B%A8%E5%9F%8E%E5%B8%82%E5%86%85%E6%B6%9D%22%7D&rank=21&style_id=40132&topic_id=7396868473890242614
22,卡塔尔王室在法国被偷11个爱马仕,,https://www.toutiao.com/trending/7396631717718655014/?category_name=topic_innerflow&event_type=hot_board&log_pb=%7B%22category_name%22%3A%22topic_innerflow%22%2C%22cluster_type%22%3A%222%22%2C%22enter_from%22%3A%22click_category%22%2C%22entrance_hotspot%22%3A%22outside%22%2C%22event_type%22%3A%22hot_board%22%2C%22hot_board_cluster_id%22%3A%227396631717718655014%22%2C%22hot_board_impr_id%22%3A%2220240730003651E1C53212577EE1A5EDCA%22%2C%22jump_page%22%3A%22hot_board_page%22%2C%22location%22%3A%22news_hot_card%22%2C%22page_location%22%3A%22hot_board_page%22%2C%22rank%22%3A%2222%22%2C%22source%22%3A%22trending_tab%22%2C%22style_id%22%3A%2240132%22%2C%22title%22%3A%22%E5%8D%A1%E5%A1%94%E5%B0%94%E7%8E%8B%E5%AE%A4%E5%9C%A8%E6%B3%95%E5%9B%BD%E8%A2%AB%E5%81%B711%E4%B8%AA%E7%88%B1%E9%A9%AC%E4%BB%95%22%7D&rank=22&style_id=40132&topic_id=7396631717718655014
23,霍启刚“痛失”姓名,hot,https://www.toutiao.com/trending/7396195653975559731/?category_name=topic_innerflow&event_type=hot_board&log_pb=%7B%22category_name%22%3A%22topic_innerflow%22%2C%22cluster_type%22%3A%222%22%2C%22enter_from%22%3A%22click_category%22%2C%22entrance_hotspot%22%3A%22outside%22%2C%22event_type%22%3A%22hot_board%22%2C%22hot_board_cluster_id%22%3A%227396195653975559731%22%2C%22hot_board_impr_id%22%3A%2220240730003651E1C53212577EE1A5EDCA%22%2C%22jump_page%22%3A%22hot_board_page%22%2C%22location%22%3A%22news_hot_card%22%2C%22page_location%22%3A%22hot_board_page%22%2C%22rank%22%3A%2223%22%2C%22source%22%3A%22trending_tab%22%2C%22style_id%22%3A%2240132%22%2C%22title%22%3A%22%E9%9C%8D%E5%90%AF%E5%88%9A%E2%80%9C%E7%97%9B%E5%A4%B1%E2%80%9D%E5%A7%93%E5%90%8D%22%7D&rank=23&style_id=40132&topic_id=7396195653975559731
24,盛李豪省队教练：他是天才型运动员,,https://www.toutiao.com/trending/7396265994265579045/?category_name=topic_innerflow&event_type=hot_board&log_pb=%7B%22category_name%22%3A%22topic_innerflow%22%2C%22cluster_type%22%3A%222%22%2C%22enter_from%22%3A%22click_category%22%2C%22entrance_hotspot%22%3A%22outside%22%2C%22event_type%22%3A%22hot_board%22%2C%22hot_board_cluster_id%22%3A%227396265994265579045%22%2C%22hot_board_impr_id%22%3A%2220240730003651E1C53212577EE1A5EDCA%22%2C%22jump_page%22%3A%22hot_board_page%22%2C%22location%22%3A%22news_hot_card%22%2C%22page_location%22%3A%22hot_board_page%22%2C%22rank%22%3A%2224%22%2C%22source%22%3A%22trending_tab%22%2C%22style_id%22%3A%2240132%22%2C%22title%22%3A%22%E7%9B%9B%E6%9D%8E%E8%B1%AA%E7%9C%81%E9%98%9F%E6%95%99%E7%BB%83%EF%BC%9A%E4%BB%96%E6%98%AF%E5%A4%A9%E6%89%8D%E5%9E%8B%E8%BF%90%E5%8A%A8%E5%91%98%22%7D&rank=24&style_id=40132&topic_id=7396265994265579045
25,今年已有7名正部级被查,,https://www.toutiao.com/trending/7396954126342996019/?category_name=topic_innerflow&event_type=hot_board&log_pb=%7B%22category_name%22%3A%22topic_innerflow%22%2C%22cluster_type%22%3A%226%22%2C%22enter_from%22%3A%22click_category%22%2C%22entrance_hotspot%22%3A%22outside%22%2C%22event_type%22%3A%22hot_board%22%2C%22hot_board_cluster_id%22%3A%227396954126342996019%22%2C%22hot_board_impr_id%22%3A%2220240730003651E1C53212577EE1A5EDCA%22%2C%22jump_page%22%3A%22hot_board_page%22%2C%22location%22%3A%22news_hot_card%22%2C%22page_location%22%3A%22hot_board_page%22%2C%22rank%22%3A%2225%22%2C%22source%22%3A%22trending_tab%22%2C%22style_id%22%3A%2240132%22%2C%22title%22%3A%22%E4%BB%8A%E5%B9%B4%E5%B7%B2%E6%9C%897%E5%90%8D%E6%AD%A3%E9%83%A8%E7%BA%A7%E8%A2%AB%E6%9F%A5%22%7D&rank=25&style_id=40132&topic_id=7396954126342996019
26,高敏：1天7次兴奋剂检测干扰游泳队,,https://www.toutiao.com/trending/7395919133969337867/?category_name=topic_innerflow&event_type=hot_board&log_pb=%7B%22category_name%22%3A%22topic_innerflow%22%2C%22cluster_type%22%3A%221%22%2C%22enter_from%22%3A%22click_category%22%2C%22entrance_hotspot%22%3A%22outside%22%2C%22event_type%22%3A%22hot_board%22%2C%22hot_board_cluster_id%22%3A%227395919133969337867%22%2C%22hot_board_impr_id%22%3A%2220240730003651E1C53212577EE1A5EDCA%22%2C%22jump_page%22%3A%22hot_board_page%22%2C%22location%22%3A%22news_hot_card%22%2C%22page_location%22%3A%22hot_board_page%22%2C%22rank%22%3A%2226%22%2C%22source%22%3A%22trending_tab%22%2C%22style_id%22%3A%2240132%22%2C%22title%22%3A%22%E9%AB%98%E6%95%8F%EF%BC%9A1%E5%A4%A97%E6%AC%A1%E5%85%B4%E5%A5%8B%E5%89%82%E6%A3%80%E6%B5%8B%E5%B9%B2%E6%89%B0%E6%B8%B8%E6%B3%B3%E9%98%9F%22%7D&rank=26&style_id=40132&topic_id=7395919133969337867
27,以色列和真主党会爆发大规模冲突吗,,https://www.toutiao.com/trending/7396142335647616562/?category_name=topic_innerflow&event_type=hot_board&log_pb=%7B%22category_name%22%3A%22topic_innerflow%22%2C%22cluster_type%22%3A%221%22%2C%22enter_from%22%3A%22click_category%22%2C%22entrance_hotspot%22%3A%22outside%22%2C%22event_type%22%3A%22hot_board%22%2C%22hot_board_cluster_id%22%3A%227396142335647616562%22%2C%22hot_board_impr_id%22%3A%2220240730003651E1C53212577EE1A5EDCA%22%2C%22jump_page%22%3A%22hot_board_page%22%2C%22location%22%3A%22news_hot_card%22%2C%22page_location%22%3A%22hot_board_page%22%2C%22rank%22%3A%2227%22%2C%22source%22%3A%22trending_tab%22%2C%22style_id%22%3A%2240132%22%2C%22title%22%3A%22%E4%BB%A5%E8%89%B2%E5%88%97%E5%92%8C%E7%9C%9F%E4%B8%BB%E5%85%9A%E4%BC%9A%E7%88%86%E5%8F%91%E5%A4%A7%E8%A7%84%E6%A8%A1%E5%86%B2%E7%AA%81%E5%90%97%22%7D&rank=27&style_id=40132&topic_id=7396142335647616562
28,暴雨后东北人的精神状态,,https://www.toutiao.com/trending/7396560974625456137/?category_name=topic_innerflow&event_type=hot_board&log_pb=%7B%22category_name%22%3A%22topic_innerflow%22%2C%22cluster_type%22%3A%226%22%2C%22enter_from%22%3A%22click_category%22%2C%22entrance_hotspot%22%3A%22outside%22%2C%22event_type%22%3A%22hot_board%22%2C%22hot_board_cluster_id%22%3A%227396560974625456137%22%2C%22hot_board_impr_id%22%3A%2220240730003651E1C53212577EE1A5EDCA%22%2C%22jump_page%22%3A%22hot_board_page%22%2C%22location%22%3A%22news_hot_card%22%2C%22page_location%22%3A%22hot_board_page%22%2C%22rank%22%3A%2228%22%2C%22source%22%3A%22trending_tab%22%2C%22style_id%22%3A%2240132%22%2C%22title%22%3A%22%E6%9A%B4%E9%9B%A8%E5%90%8E%E4%B8%9C%E5%8C%97%E4%BA%BA%E7%9A%84%E7%B2%BE%E7%A5%9E%E7%8A%B6%E6%80%81%22%7D&rank=28&style_id=40132&topic_id=7396560974625456137
29,盛李豪独享世界纪录和奥运纪录,hot,https://www.toutiao.com/trending/7396245873287613979/?category_name=topic_innerflow&event_type=hot_board&log_pb=%7B%22category_name%22%3A%22topic_innerflow%22%2C%22cluster_type%22%3A%222%22%2C%22enter_from%22%3A%22click_category%22%2C%22entrance_hotspot%22%3A%22outside%22%2C%22event_type%22%3A%22hot_board%22%2C%22hot_board_cluster_id%22%3A%227396245873287613979%22%2C%22hot_board_impr_id%22%3A%2220240730003651E1C53212577EE1A5EDCA%22%2C%22jump_page%22%3A%22hot_board_page%22%2C%22location%22%3A%22news_hot_card%22%2C%22page_location%22%3A%22hot_board_page%22%2C%22rank%22%3A%2229%22%2C%22source%22%3A%22trending_tab%22%2C%22style_id%22%3A%2240132%22%2C%22title%22%3A%22%E7%9B%9B%E6%9D%8E%E8%B1%AA%E7%8B%AC%E4%BA%AB%E4%B8%96%E7%95%8C%E7%BA%AA%E5%BD%95%E5%92%8C%E5%A5%A5%E8%BF%90%E7%BA%AA%E5%BD%95%22%7D&rank=29&style_id=40132&topic_id=7396245873287613979
30,官方通报清华生举报局长：专项调查,,https://www.toutiao.com/trending/7396142335647632946/?category_name=topic_innerflow&event_type=hot_board&log_pb=%7B%22category_name%22%3A%22topic_innerflow%22%2C%22cluster_type%22%3A%222%22%2C%22enter_from%22%3A%22click_category%22%2C%22entrance_hotspot%22%3A%22outside%22%2C%22event_type%22%3A%22hot_board%22%2C%22hot_board_cluster_id%22%3A%227396142335647632946%22%2C%22hot_board_impr_id%22%3A%2220240730003651E1C53212577EE1A5EDCA%22%2C%22jump_page%22%3A%22hot_board_page%22%2C%22location%22%3A%22news_hot_card%22%2C%22page_location%22%3A%22hot_board_page%22%2C%22rank%22%3A%2230%22%2C%22source%22%3A%22trending_tab%22%2C%22style_id%22%3A%2240132%22%2C%22title%22%3A%22%E5%AE%98%E6%96%B9%E9%80%9A%E6%8A%A5%E6%B8%85%E5%8D%8E%E7%94%9F%E4%B8%BE%E6%8A%A5%E5%B1%80%E9%95%BF%EF%BC%9A%E4%B8%93%E9%A1%B9%E8%B0%83%E6%9F%A5%22%7D&rank=30&style_id=40132&topic_id=7396142335647632946
31,特朗普集会上再模仿拜登走下台,,https://www.toutiao.com/trending/7393586359983882291/?category_name=topic_innerflow&event_type=hot_board&log_pb=%7B%22category_name%22%3A%22topic_innerflow%22%2C%22cluster_type%22%3A%226%22%2C%22enter_from%22%3A%22click_category%22%2C%22entrance_hotspot%22%3A%22outside%22%2C%22event_type%22%3A%22hot_board%22%2C%22hot_board_cluster_id%22%3A%227393586359983882291%22%2C%22hot_board_impr_id%22%3A%2220240730003651E1C53212577EE1A5EDCA%22%2C%22jump_page%22%3A%22hot_board_page%22%2C%22location%22%3A%22news_hot_card%22%2C%22page_location%22%3A%22hot_board_page%22%2C%22rank%22%3A%2231%22%2C%22source%22%3A%22trending_tab%22%2C%22style_id%22%3A%2240132%22%2C%22title%22%3A%22%E7%89%B9%E6%9C%97%E6%99%AE%E9%9B%86%E4%BC%9A%E4%B8%8A%E5%86%8D%E6%A8%A1%E4%BB%BF%E6%8B%9C%E7%99%BB%E8%B5%B0%E4%B8%8B%E5%8F%B0%22%7D&rank=31&style_id=40132&topic_id=7393586359983882291
32,黄雨婷0.1环之差摘银,,https://www.toutiao.com/trending/7396142335647600178/?category_name=topic_innerflow&event_type=hot_board&log_pb=%7B%22category_name%22%3A%22topic_innerflow%22%2C%22cluster_type%22%3A%222%22%2C%22enter_from%22%3A%22click_category%22%2C%22entrance_hotspot%22%3A%22outside%22%2C%22event_type%22%3A%22hot_board%22%2C%22hot_board_cluster_id%22%3A%227396142335647600178%22%2C%22hot_board_impr_id%22%3A%2220240730003651E1C53212577EE1A5EDCA%22%2C%22jump_page%22%3A%22hot_board_page%22%2C%22location%22%3A%22news_hot_card%22%2C%22page_location%22%3A%22hot_board_page%22%2C%22rank%22%3A%2232%22%2C%22source%22%3A%22trending_tab%22%2C%22style_id%22%3A%2240132%22%2C%22title%22%3A%22%E9%BB%84%E9%9B%A8%E5%A9%B70.1%E7%8E%AF%E4%B9%8B%E5%B7%AE%E6%91%98%E9%93%B6%22%7D&rank=32&style_id=40132&topic_id=7396142335647600178
33,在射击摊发掘盛李豪？启蒙教练回应,new,https://www.toutiao.com/trending/7396245873287646747/?category_name=topic_innerflow&event_type=hot_board&log_pb=%7B%22category_name%22%3A%22topic_innerflow%22%2C%22cluster_type%22%3A%222%22%2C%22enter_from%22%3A%22click_category%22%2C%22entrance_hotspot%22%3A%22outside%22%2C%22event_type%22%3A%22hot_board%22%2C%22hot_board_cluster_id%22%3A%227396245873287646747%22%2C%22hot_board_impr_id%22%3A%2220240730003651E1C53212577EE1A5EDCA%22%2C%22jump_page%22%3A%22hot_board_page%22%2C%22location%22%3A%22news_hot_card%22%2C%22page_location%22%3A%22hot_board_page%22%2C%22rank%22%3A%2233%22%2C%22source%22%3A%22trending_tab%22%2C%22style_id%22%3A%2240132%22%2C%22title%22%3A%22%E5%9C%A8%E5%B0%84%E5%87%BB%E6%91%8A%E5%8F%91%E6%8E%98%E7%9B%9B%E6%9D%8E%E8%B1%AA%EF%BC%9F%E5%90%AF%E8%92%99%E6%95%99%E7%BB%83%E5%9B%9E%E5%BA%94%22%7D&rank=33&style_id=40132&topic_id=7396245873287646747
34,台风格美为何在湖南这么“凶”,interpretation,https://www.toutiao.com/trending/7396061667433483802/?category_name=topic_innerflow&event_type=hot_board&log_pb=%7B%22category_name%22%3A%22topic_innerflow%22%2C%22cluster_type%22%3A%221%22%2C%22enter_from%22%3A%22click_category%22%2C%22entrance_hotspot%22%3A%22outside%22%2C%22event_type%22%3A%22hot_board%22%2C%22hot_board_cluster_id%22%3A%227396061667433483802%22%2C%22hot_board_impr_id%22%3A%2220240730003651E1C53212577EE1A5EDCA%22%2C%22jump_page%22%3A%22hot_board_page%22%2C%22location%22%3A%22news_hot_card%22%2C%22page_location%22%3A%22hot_board_page%22%2C%22rank%22%3A%2234%22%2C%22source%22%3A%22trending_tab%22%2C%22style_id%22%3A%2240132%22%2C%22title%22%3A%22%E5%8F%B0%E9%A3%8E%E6%A0%BC%E7%BE%8E%E4%B8%BA%E4%BD%95%E5%9C%A8%E6%B9%96%E5%8D%97%E8%BF%99%E4%B9%88%E2%80%9C%E5%87%B6%E2%80%9D%22%7D&rank=34&style_id=40132&topic_id=7396061667433483802
35,苏醒为“乒乓球无悬念”言论道歉,,https://www.toutiao.com/trending/7396687111442890789/?category_name=topic_innerflow&event_type=hot_board&log_pb=%7B%22category_name%22%3A%22topic_innerflow%22%2C%22cluster_type%22%3A%221%22%2C%22enter_from%22%3A%22click_category%22%2C%22entrance_hotspot%22%3A%22outside%22%2C%22event_type%22%3A%22hot_board%22%2C%22hot_board_cluster_id%22%3A%227396687111442890789%22%2C%22hot_board_impr_id%22%3A%2220240730003651E1C53212577EE1A5EDCA%22%2C%22jump_page%22%3A%22hot_board_page%22%2C%22location%22%3A%22news_hot_card%22%2C%22page_location%22%3A%22hot_board_page%22%2C%22rank%22%3A%2235%22%2C%22source%22%3A%22trending_tab%22%2C%22style_id%22%3A%2240132%22%2C%22title%22%3A%22%E8%8B%8F%E9%86%92%E4%B8%BA%E2%80%9C%E4%B9%92%E4%B9%93%E7%90%83%E6%97%A0%E6%82%AC%E5%BF%B5%E2%80%9D%E8%A8%80%E8%AE%BA%E9%81%93%E6%AD%89%22%7D&rank=35&style_id=40132&topic_id=7396687111442890789
36,以外长：埃尔多安威胁要攻击以色列,,https://www.toutiao.com/trending/7394083579971813395/?category_name=topic_innerflow&event_type=hot_board&log_pb=%7B%22category_name%22%3A%22topic_innerflow%22%2C%22cluster_type%22%3A%228%22%2C%22enter_from%22%3A%22click_category%22%2C%22entrance_hotspot%22%3A%22outside%22%2C%22event_type%22%3A%22hot_board%22%2C%22hot_board_cluster_id%22%3A%227394083579971813395%22%2C%22hot_board_impr_id%22%3A%2220240730003651E1C53212577EE1A5EDCA%22%2C%22jump_page%22%3A%22hot_board_page%22%2C%22location%22%3A%22news_hot_card%22%2C%22page_location%22%3A%22hot_board_page%22%2C%22rank%22%3A%2236%22%2C%22source%22%3A%22trending_tab%22%2C%22style_id%22%3A%2240132%22%2C%22title%22%3A%22%E4%BB%A5%E5%A4%96%E9%95%BF%EF%BC%9A%E5%9F%83%E5%B0%94%E5%A4%9A%E5%AE%89%E5%A8%81%E8%83%81%E8%A6%81%E6%94%BB%E5%87%BB%E4%BB%A5%E8%89%B2%E5%88%97%22%7D&rank=36&style_id=40132&topic_id=7394083579971813395
37,29岁博主“大飞”肝癌晚期去世,,https://www.toutiao.com/trending/7396363925283045412/?category_name=topic_innerflow&event_type=hot_board&log_pb=%7B%22category_name%22%3A%22topic_innerflow%22%2C%22cluster_type%22%3A%226%22%2C%22enter_from%22%3A%22click_category%22%2C%22entrance_hotspot%22%3A%22outside%22%2C%22event_type%22%3A%22hot_board%22%2C%22hot_board_cluster_id%22%3A%227396363925283045412%22%2C%22hot_board_impr_id%22%3A%2220240730003651E1C53212577EE1A5EDCA%22%2C%22jump_page%22%3A%22hot_board_page%22%2C%22location%22%3A%22news_hot_card%22%2C%22page_location%22%3A%22hot_board_page%22%2C%22rank%22%3A%2237%22%2C%22source%22%3A%22trending_tab%22%2C%22style_id%22%3A%2240132%22%2C%22title%22%3A%2229%E5%B2%81%E5%8D%9A%E4%B8%BB%E2%80%9C%E5%A4%A7%E9%A3%9E%E2%80%9D%E8%82%9D%E7%99%8C%E6%99%9A%E6%9C%9F%E5%8E%BB%E4%B8%96%22%7D&rank=37&style_id=40132&topic_id=7396363925283045412
38,韩国国旗又被挂错了,,https://www.toutiao.com/trending/7394273702528974898/?category_name=topic_innerflow&event_type=hot_board&log_pb=%7B%22category_name%22%3A%22topic_innerflow%22%2C%22cluster_type%22%3A%222%22%2C%22enter_from%22%3A%22click_category%22%2C%22entrance_hotspot%22%3A%22outside%22%2C%22event_type%22%3A%22hot_board%22%2C%22hot_board_cluster_id%22%3A%227394273702528974898%22%2C%22hot_board_impr_id%22%3A%2220240730003651E1C53212577EE1A5EDCA%22%2C%22jump_page%22%3A%22hot_board_page%22%2C%22location%22%3A%22news_hot_card%22%2C%22page_location%22%3A%22hot_board_page%22%2C%22rank%22%3A%2238%22%2C%22source%22%3A%22trending_tab%22%2C%22style_id%22%3A%2240132%22%2C%22title%22%3A%22%E9%9F%A9%E5%9B%BD%E5%9B%BD%E6%97%97%E5%8F%88%E8%A2%AB%E6%8C%82%E9%94%99%E4%BA%86%22%7D&rank=38&style_id=40132&topic_id=7394273702528974898
39,启蒙教练：第一次见江旻憓就看到天分,,https://www.toutiao.com/trending/7396937923343433765/?category_name=topic_innerflow&event_type=hot_board&log_pb=%7B%22category_name%22%3A%22topic_innerflow%22%2C%22cluster_type%22%3A%221%22%2C%22enter_from%22%3A%22click_category%22%2C%22entrance_hotspot%22%3A%22outside%22%2C%22event_type%22%3A%22hot_board%22%2C%22hot_board_cluster_id%22%3A%227396937923343433765%22%2C%22hot_board_impr_id%22%3A%2220240730003651E1C53212577EE1A5EDCA%22%2C%22jump_page%22%3A%22hot_board_page%22%2C%22location%22%3A%22news_hot_card%22%2C%22page_location%22%3A%22hot_board_page%22%2C%22rank%22%3A%2239%22%2C%22source%22%3A%22trending_tab%22%2C%22style_id%22%3A%2240132%22%2C%22title%22%3A%22%E5%90%AF%E8%92%99%E6%95%99%E7%BB%83%EF%BC%9A%E7%AC%AC%E4%B8%80%E6%AC%A1%E8%A7%81%E6%B1%9F%E6%97%BB%E6%86%93%E5%B0%B1%E7%9C%8B%E5%88%B0%E5%A4%A9%E5%88%86%22%7D&rank=39&style_id=40132&topic_id=7396937923343433765
40,英媒：万斯表现让共和党人慌了,,https://www.toutiao.com/trending/7395100134843088937/?category_name=topic_innerflow&event_type=hot_board&log_pb=%7B%22category_name%22%3A%22topic_innerflow%22%2C%22cluster_type%22%3A%224%22%2C%22enter_from%22%3A%22click_category%22%2C%22entrance_hotspot%22%3A%22outside%22%2C%22event_type%22%3A%22hot_board%22%2C%22hot_board_cluster_id%22%3A%227395100134843088937%22%2C%22hot_board_impr_id%22%3A%2220240730003651E1C53212577EE1A5EDCA%22%2C%22jump_page%22%3A%22hot_board_page%22%2C%22location%22%3A%22news_hot_card%22%2C%22page_location%22%3A%22hot_board_page%22%2C%22rank%22%3A%2240%22%2C%22source%22%3A%22trending_tab%22%2C%22style_id%22%3A%2240132%22%2C%22title%22%3A%22%E8%8B%B1%E5%AA%92%EF%BC%9A%E4%B8%87%E6%96%AF%E8%A1%A8%E7%8E%B0%E8%AE%A9%E5%85%B1%E5%92%8C%E5%85%9A%E4%BA%BA%E6%85%8C%E4%BA%86%22%7D&rank=40&style_id=40132&topic_id=7395100134843088937
41,黄雨婷班主任称没给她布置暑假作业,,https://www.toutiao.com/trending/7396327051018338314/?category_name=topic_innerflow&event_type=hot_board&log_pb=%7B%22category_name%22%3A%22topic_innerflow%22%2C%22cluster_type%22%3A%222%22%2C%22enter_from%22%3A%22click_category%22%2C%22entrance_hotspot%22%3A%22outside%22%2C%22event_type%22%3A%22hot_board%22%2C%22hot_board_cluster_id%22%3A%227396327051018338314%22%2C%22hot_board_impr_id%22%3A%2220240730003651E1C53212577EE1A5EDCA%22%2C%22jump_page%22%3A%22hot_board_page%22%2C%22location%22%3A%22news_hot_card%22%2C%22page_location%22%3A%22hot_board_page%22%2C%22rank%22%3A%2241%22%2C%22source%22%3A%22trending_tab%22%2C%22style_id%22%3A%2240132%22%2C%22title%22%3A%22%E9%BB%84%E9%9B%A8%E5%A9%B7%E7%8F%AD%E4%B8%BB%E4%BB%BB%E7%A7%B0%E6%B2%A1%E7%BB%99%E5%A5%B9%E5%B8%83%E7%BD%AE%E6%9A%91%E5%81%87%E4%BD%9C%E4%B8%9A%22%7D&rank=41&style_id=40132&topic_id=7396327051018338314
42,港队被“莎头”战况吸引一步三回头,new,https://www.toutiao.com/trending/7396710091888263178/?category_name=topic_innerflow&event_type=hot_board&log_pb=%7B%22category_name%22%3A%22topic_innerflow%22%2C%22cluster_type%22%3A%222%22%2C%22enter_from%22%3A%22click_category%22%2C%22entrance_hotspot%22%3A%22outside%22%2C%22event_type%22%3A%22hot_board%22%2C%22hot_board_cluster_id%22%3A%227396710091888263178%22%2C%22hot_board_impr_id%22%3A%2220240730003651E1C53212577EE1A5EDCA%22%2C%22jump_page%22%3A%22hot_board_page%22%2C%22location%22%3A%22news_hot_card%22%2C%22page_location%22%3A%22hot_board_page%22%2C%22rank%22%3A%2242%22%2C%22source%22%3A%22trending_tab%22%2C%22style_id%22%3A%2240132%22%2C%22title%22%3A%22%E6%B8%AF%E9%98%9F%E8%A2%AB%E2%80%9C%E8%8E%8E%E5%A4%B4%E2%80%9D%E6%88%98%E5%86%B5%E5%90%B8%E5%BC%95%E4%B8%80%E6%AD%A5%E4%B8%89%E5%9B%9E%E5%A4%B4%22%7D&rank=42&style_id=40132&topic_id=7396710091888263178
43,电影版《异人之下》陷入哪些雷区,new,https://www.toutiao.com/trending/7396138984332214313/?category_name=topic_innerflow&event_type=hot_board&log_pb=%7B%22category_name%22%3A%22topic_innerflow%22%2C%22cluster_type%22%3A%226%22%2C%22enter_from%22%3A%22click_category%22%2C%22entrance_hotspot%22%3A%22outside%22%2C%22event_type%22%3A%22hot_board%22%2C%22hot_board_cluster_id%22%3A%227396138984332214313%22%2C%22hot_board_impr_id%22%3A%2220240730003651E1C53212577EE1A5EDCA%22%2C%22jump_page%22%3A%22hot_board_page%22%2C%22location%22%3A%22news_hot_card%22%2C%22page_location%22%3A%22hot_board_page%22%2C%22rank%22%3A%2243%22%2C%22source%22%3A%22trending_tab%22%2C%22style_id%22%3A%2240132%22%2C%22title%22%3A%22%E7%94%B5%E5%BD%B1%E7%89%88%E3%80%8A%E5%BC%82%E4%BA%BA%E4%B9%8B%E4%B8%8B%E3%80%8B%E9%99%B7%E5%85%A5%E5%93%AA%E4%BA%9B%E9%9B%B7%E5%8C%BA%22%7D&rank=43&style_id=40132&topic_id=7396138984332214313
44,巴黎奥运天天惹韩国人生气,hot,https://www.toutiao.com/trending/7396255428520411145/?category_name=topic_innerflow&event_type=hot_board&log_pb=%7B%22category_name%22%3A%22topic_innerflow%22%2C%22cluster_type%22%3A%222%22%2C%22enter_from%22%3A%22click_category%22%2C%22entrance_hotspot%22%3A%22outside%22%2C%22event_type%22%3A%22hot_board%22%2C%22hot_board_cluster_id%22%3A%227396255428520411145%22%2C%22hot_board_impr_id%22%3A%2220240730003651E1C53212577EE1A5EDCA%22%2C%22jump_page%22%3A%22hot_board_page%22%2C%22location%22%3A%22news_hot_card%22%2C%22page_location%22%3A%22hot_board_page%22%2C%22rank%22%3A%2244%22%2C%22source%22%3A%22trending_tab%22%2C%22style_id%22%3A%2240132%22%2C%22title%22%3A%22%E5%B7%B4%E9%BB%8E%E5%A5%A5%E8%BF%90%E5%A4%A9%E5%A4%A9%E6%83%B9%E9%9F%A9%E5%9B%BD%E4%BA%BA%E7%94%9F%E6%B0%94%22%7D&rank=44&style_id=40132&topic_id=7396255428520411145
45,曝头部券商实习内推灰产2万起步,,https://www.toutiao.com/trending/7395919280409185804/?category_name=topic_innerflow&event_type=hot_board&log_pb=%7B%22category_name%22%3A%22topic_innerflow%22%2C%22cluster_type%22%3A%221%22%2C%22enter_from%22%3A%22click_category%22%2C%22entrance_hotspot%22%3A%22outside%22%2C%22event_type%22%3A%22hot_board%22%2C%22hot_board_cluster_id%22%3A%227395919280409185804%22%2C%22hot_board_impr_id%22%3A%2220240730003651E1C53212577EE1A5EDCA%22%2C%22jump_page%22%3A%22hot_board_page%22%2C%22location%22%3A%22news_hot_card%22%2C%22page_location%22%3A%22hot_board_page%22%2C%22rank%22%3A%2245%22%2C%22source%22%3A%22trending_tab%22%2C%22style_id%22%3A%2240132%22%2C%22title%22%3A%22%E6%9B%9D%E5%A4%B4%E9%83%A8%E5%88%B8%E5%95%86%E5%AE%9E%E4%B9%A0%E5%86%85%E6%8E%A8%E7%81%B0%E4%BA%A72%E4%B8%87%E8%B5%B7%E6%AD%A5%22%7D&rank=45&style_id=40132&topic_id=7395919280409185804
46,土耳其外交部将以总理比作希特勒,,https://www.toutiao.com/trending/7396201910413901878/?category_name=topic_innerflow&event_type=hot_board&log_pb=%7B%22category_name%22%3A%22topic_innerflow%22%2C%22cluster_type%22%3A%226%22%2C%22enter_from%22%3A%22click_category%22%2C%22entrance_hotspot%22%3A%22outside%22%2C%22event_type%22%3A%22hot_board%22%2C%22hot_board_cluster_id%22%3A%227396201910413901878%22%2C%22hot_board_impr_id%22%3A%2220240730003651E1C53212577EE1A5EDCA%22%2C%22jump_page%22%3A%22hot_board_page%22%2C%22location%22%3A%22news_hot_card%22%2C%22page_location%22%3A%22hot_board_page%22%2C%22rank%22%3A%2246%22%2C%22source%22%3A%22trending_tab%22%2C%22style_id%22%3A%2240132%22%2C%22title%22%3A%22%E5%9C%9F%E8%80%B3%E5%85%B6%E5%A4%96%E4%BA%A4%E9%83%A8%E5%B0%86%E4%BB%A5%E6%80%BB%E7%90%86%E6%AF%94%E4%BD%9C%E5%B8%8C%E7%89%B9%E5%8B%92%22%7D&rank=46&style_id=40132&topic_id=7396201910413901878
47,王楚钦：记者老师明白我意思了吧,hot,https://www.toutiao.com/trending/7396098573999427081/?category_name=topic_innerflow&event_type=hot_board&log_pb=%7B%22category_name%22%3A%22topic_innerflow%22%2C%22cluster_type%22%3A%222%22%2C%22enter_from%22%3A%22click_category%22%2C%22entrance_hotspot%22%3A%22outside%22%2C%22event_type%22%3A%22hot_board%22%2C%22hot_board_cluster_id%22%3A%227396098573999427081%22%2C%22hot_board_impr_id%22%3A%2220240730003651E1C53212577EE1A5EDCA%22%2C%22jump_page%22%3A%22hot_board_page%22%2C%22location%22%3A%22news_hot_card%22%2C%22page_location%22%3A%22hot_board_page%22%2C%22rank%22%3A%2247%22%2C%22source%22%3A%22trending_tab%22%2C%22style_id%22%3A%2240132%22%2C%22title%22%3A%22%E7%8E%8B%E6%A5%9A%E9%92%A6%EF%BC%9A%E8%AE%B0%E8%80%85%E8%80%81%E5%B8%88%E6%98%8E%E7%99%BD%E6%88%91%E6%84%8F%E6%80%9D%E4%BA%86%E5%90%A7%22%7D&rank=47&style_id=40132&topic_id=7396098573999427081
48,马杜罗连任委内瑞拉总统 美国不认,,https://www.toutiao.com/trending/7396087952428335131/?category_name=topic_innerflow&event_type=hot_board&log_pb=%7B%22category_name%22%3A%22topic_innerflow%22%2C%22cluster_type%22%3A%222%22%2C%22enter_from%22%3A%22click_category%22%2C%22entrance_hotspot%22%3A%22outside%22%2C%22event_type%22%3A%22hot_board%22%2C%22hot_board_cluster_id%22%3A%227396087952428335131%22%2C%22hot_board_impr_id%22%3A%2220240730003651E1C53212577EE1A5EDCA%22%2C%22jump_page%22%3A%22hot_board_page%22%2C%22location%22%3A%22news_hot_card%22%2C%22page_location%22%3A%22hot_board_page%22%2C%22rank%22%3A%2248%22%2C%22source%22%3A%22trending_tab%22%2C%22style_id%22%3A%2240132%22%2C%22title%22%3A%22%E9%A9%AC%E6%9D%9C%E7%BD%97%E8%BF%9E%E4%BB%BB%E5%A7%94%E5%86%85%E7%91%9E%E6%8B%89%E6%80%BB%E7%BB%9F+%E7%BE%8E%E5%9B%BD%E4%B8%8D%E8%AE%A4%22%7D&rank=48&style_id=40132&topic_id=7396087952428335131
49,女子验血发现自己有两种血型,,https://www.toutiao.com/trending/7393334928782065718/?category_name=topic_innerflow&event_type=hot_board&log_pb=%7B%22category_name%22%3A%22topic_innerflow%22%2C%22cluster_type%22%3A%226%22%2C%22enter_from%22%3A%22click_category%22%2C%22entrance_hotspot%22%3A%22outside%22%2C%22event_type%22%3A%22hot_board%22%2C%22hot_board_cluster_id%22%3A%227393334928782065718%22%2C%22hot_board_impr_id%22%3A%2220240730003651E1C53212577EE1A5EDCA%22%2C%22jump_page%22%3A%22hot_board_page%22%2C%22location%22%3A%22news_hot_card%22%2C%22page_location%22%3A%22hot_board_page%22%2C%22rank%22%3A%2249%22%2C%22source%22%3A%22trending_tab%22%2C%22style_id%22%3A%2240132%22%2C%22title%22%3A%22%E5%A5%B3%E5%AD%90%E9%AA%8C%E8%A1%80%E5%8F%91%E7%8E%B0%E8%87%AA%E5%B7%B1%E6%9C%89%E4%B8%A4%E7%A7%8D%E8%A1%80%E5%9E%8B%22%7D&rank=49&style_id=40132&topic_id=7393334928782065718
50,媒体：覃海洋张雨霏让人心疼,,https://www.toutiao.com/trending/7393203722169958451/?category_name=topic_innerflow&event_type=hot_board&log_pb=%7B%22category_name%22%3A%22topic_innerflow%22%2C%22cluster_type%22%3A%221%22%2C%22enter_from%22%3A%22click_category%22%2C%22entrance_hotspot%22%3A%22outside%22%2C%22event_type%22%3A%22hot_board%22%2C%22hot_board_cluster_id%22%3A%227393203722169958451%22%2C%22hot_board_impr_id%22%3A%2220240730003651E1C53212577EE1A5EDCA%22%2C%22jump_page%22%3A%22hot_board_page%22%2C%22location%22%3A%22news_hot_card%22%2C%22page_location%22%3A%22hot_board_page%22%2C%22rank%22%3A%2250%22%2C%22source%22%3A%22trending_tab%22%2C%22style_id%22%3A%2240132%22%2C%22title%22%3A%22%E5%AA%92%E4%BD%93%EF%BC%9A%E8%A6%83%E6%B5%B7%E6%B4%8B%E5%BC%A0%E9%9B%A8%E9%9C%8F%E8%AE%A9%E4%BA%BA%E5%BF%83%E7%96%BC%22%7D&rank=50&style_id=40132&topic_id=7393203722169958451
