news_title,user_id,user_name,pl_content,pl_time
news_title,user_id,user_name,pl_content,pl_time
news_title,user_id,user_name,pl_content,pl_time
news_title,user_id,user_name,pl_content,pl_time
news_title,user_id,user_name,pl_content,pl_time
news_title,user_id,user_name,pl_content,pl_time
news_title,user_id,user_name,pl_content,pl_time
news_title,user_id,user_name,pl_content,pl_time
news_title,user_id,user_name,pl_content,pl_time
news_title,user_id,user_name,pl_content,pl_time
news_title,user_id,user_name,pl_content,pl_time
news_title,user_id,user_name,pl_content,pl_time
news_title,user_id,user_name,pl_content,pl_time
news_title,user_id,user_name,pl_content,pl_time
news_title,user_id,user_name,pl_content,pl_time
news_title,user_id,user_name,pl_content,pl_time
,107939301747,亲切水滴DIq,国际朱，世界女排历史最佳主攻手之一,2022-12-07 23:50:42
,95854280772,飞阿爸,郎平纵横排坛数十年，阅人无数，慧眼如炬，岂是津迷能懂的。,2022-12-07 19:31:23
,89985737417,执着的钢笔Mi,[耶][耶][祈祷][祈祷][祈祷][赞][赞][赞][喝彩],2022-12-07 12:16:42
,108211943431,宿老师——我爱我家,朱婷从被怀疑能否适应意甲联赛的比赛节奏，到如今成为球队的主心骨。这期间有朱婷的努力付出，也有主教练的信任和鼓励。“我们不在乎朱婷得多少分，在乎她能健康地打球”这样的主教练真是让人佩服。,2022-12-18 13:20:46
,1666491310682628,俩宝奶酪,朱婷百年一遇的排球奇才[必胜][必胜][必胜],2022-12-17 11:48:18
,2207475450001069,用户218559622375,朱婷再一次用实力证明了自己[赞][赞][赞],2022-12-16 08:18:38
,51813806200,聪明葡萄d0王世海,+奧運會𠕇你也丟了,2022-12-16 12:14:28
,63004546780,聪明柳叶w7,如果为国家作出这样的贡献就大赞。,2022-12-16 11:30:05
,55157267847,大伟的下半场,其实现在我更应该看重朱婷的效率而非得分，因为她扣太多的球，对手腕的恢复不利，所以现在二传一般到位球和战术攻的球很少给她，给她的都是调整攻和关键球，朱婷长期是面对两到三人的篮网，能有这样的效率已经非常好了,2022-12-16 11:35:43
,3491640272491758,大大的胖橘,朱婷越来越棒了！加油！,2022-12-18 18:22:27
,229121908539566,霍杨林州,黑子造谣者没得到应有的惩罚！,2022-12-16 10:46:40
,108881436982,聪慧闻香识茗,永远的大婷[玫瑰][玫瑰][赞][赞][赞],2022-12-16 10:39:14
,101940238554,用户1111610753763,期待朱婷女王早日康复，然后带领中国女排重返巅峰！,2022-12-16 09:34:40
,56986540067,贺兰长空,加油加油加油,2022-12-16 11:44:51
,97965166324,鼎鼎～一期一会,朱婷回来就有争冠的实力？朱婷还是好好保护自己吧！国家队有好多天才，还有诸葛亮。,2022-12-16 17:51:59
,2480917315323933,坦荡的葡萄3Y6,早日康复，回归国家队，为国争光。,2022-12-16 10:42:49
,50071998475,热闹芒果g,与李盈莹搭档成为世界顶尖主攻组合，中国队必赢！,2022-12-19 07:48:43
,108110232996,千福巷,朱婷在斯坎迪奇俱乐部的比赛，出场次数场场不落，也不分什么关键场不关键场了，早把爱护优秀球员的做法忘了，俱乐部出钱租来的球员，目的是上场盈球，实践达不到俱乐部要求的，很简单、解约走人。,2022-12-16 13:51:51
,2981468634096429,肯定能好,排球是集体项目，光靠一个朱婷是不行的！一传，二传，拦网都得发挥的好才能取得好成绩！,2022-12-18 19:23:07
news_title,user_id,user_name,pl_content,pl_time
,55625399191,依依150876543,最爱看朱婷打球，加油！,2022-10-31 08:03:28
,6103729707,Ethan79327046,王者即将归来,2022-10-30 15:27:19
,9764042856,自强不息饭团ku,不要把希望寄托给某一个人身上，地球上离了谁都照转！,2022-10-31 10:50:14
,4571463524,58e65都戴过,教练保护朱婷！[赞][赞][赞],2022-10-31 12:08:51
,3341935602,心随婷行,完全靠实力拼博出来的朱婷，真的伟大，希望朱婷健康，,2022-10-31 04:37:54
,11147593293,潍坊秋白考试作文,外国教练即使不要成绩，也首先设法保护队员。,2022-10-30 18:34:11
,3443321343315415,用户明见10996039229,期待婷宝雄风再现[赞][赞][赞],2022-10-30 17:55:20
,6480129257,八爷爷爷爷,婷你,2022-10-30 16:42:26
,108110232996,千福巷,排球比赛一定会谁看情况的变化，谁時进行场上队员的调整、所以说全体队员都要有隨時上场的思想准备。,2022-10-30 23:16:31
,109892307273,成熟海浪iI,朱婷在国内被挤出去了？悲哀啊。,2022-10-30 20:55:47
,1802843070400301,顶级百灵鸟wk,估计不复当年勇,2022-11-01 20:04:46
,3136267601847326,用户无忧大叔,这么碎动不动就泪目,2022-10-30 19:05:52
news_title,user_id,user_name,pl_content,pl_time
news_title,user_id,user_name,pl_content,pl_time
,98579764349,亲婆,转发了,2023-08-22 22:07:33
,264300009105806,奋发饼干n,为啥在国外有使不完劲！,2023-06-14 15:19:31
,110518985812,热心火车OL,朱婷能出国打球。为何不能回国代表中国队参加国际比赛。希望领导不要为她开脱了。,2023-06-14 17:58:04
,3421272956999646,正大光明海风TC,真相就是不回归！在意大利比赛难道手腕不疼，回国就有伤痛了？别忽悠了！,2023-06-15 13:48:46
,2656019225783224,智者芒果1,朱停是实上是为了逃避中国女排输球的现实！等中国女排完全强大了自然就回来了！,2023-06-14 16:08:54
,74426458796,博学多才的铅笔QY,不回归背后有高人指点,2023-06-15 07:54:08
,102850647980,正能量春风09e,主播你好，是朱婷和你直说吧？,2023-07-10 12:09:53
,1322058328584319,神秘露珠2iz,开除朱婷,2023-07-04 01:05:28
,106156694235,用户9429104603494,即然有伤不能回归中国女排，那为什么在国外还在打球？还能打球？并成为核心？,2023-06-15 07:50:58
,4490045739514692,憨厚实在人,只要齐心协力，少了谁都不影响中国女排进步！,2023-06-14 19:54:34
,2198642820911747,一往无前大庆,还是别回来了，蔡斌不需要球星，蔡斌靠是集体的力量取胜,2023-06-14 19:27:59
,101475417899,老尹不才,这些都是表面的问题，国内没那么高的薪水，谁不想多捞点。明眼人都知道，,2023-06-14 17:47:40
,3690388612711463,喜阳阳,朱女婷为女排立功对祖国有供献人应正确对待她，.耐心等待,2023-06-14 19:48:48
,11822400070,张木匠15,朱婷应该好好养伤恢复健康。不要在国外还在打球，这样何时才能夠恢复？,2023-06-14 21:53:50
,4205005331508299,自若沙滩7l,中国排球大有人在,2023-06-15 06:18:01
,70719684998,Sgmm,最好别回来,2023-06-14 18:55:21
,76183131036,赵云群1,说的非常对，,2023-06-15 09:10:43
,2466954575353159,爱生活的帆船8j4,朱婷你以为你自己是女排的定海神针？而如今的你是一个女排队伍中的普通队员？,2023-06-14 17:56:15
,1939158907235207,用户7998594614628,[耶],2023-06-14 23:02:05
,74426458796,博学多才的铅笔QY,看行动,2023-06-15 07:52:35
,2273438938176283,外向辰星xn,身体不允许，可以在外边打球，小兵在为朱婷歌功颂德,2023-06-15 13:33:50
,96756477453,德才兼备湖泊IP,转发了,2023-06-20 07:33:24
,110826088157,朴实星星x5,主播说的对[赞][赞][赞],2023-06-14 16:53:39
news_title,user_id,user_name,pl_content,pl_time
,580972810863016,幸运星球0w,2023年9月才回归中国女排。,2023-02-01 16:41:04
,118348141561863,清新鲸鱼dU,教练太差,2023-02-02 10:33:39
,108116031321,洒脱面条kn,钱重要,2023-02-02 13:03:12
,50381069870,海纳百川Aayk,祝贺朱婷！中意排球文化交流的大使！,2022-12-21 17:33:27
,109593708667,黑猫63328,大婷永远是大婷！这个国际范总是精彩四溢！衷心祝福朱婷再接再厉，勇往直前！[赞][赞][赞][赞][赞][赞],2022-12-21 15:47:39
,69465597960,青春年少放声大笑,恭喜朱婷[赞],2022-12-21 15:02:14
,55798284491,怵怵6,球迷想念大婷,2022-12-21 17:59:46
,3192582001927549,勇敢的清风ON,朱婷好样的，为中国女排联赛取得很多成绩！[祈祷][祈祷][祈祷][赞][赞][赞],2022-12-21 21:45:57
,102081070658,热情溪水Lu,恭喜朱婷继续努力加油！,2022-12-21 20:42:12
,962816063051102,积极的努力的人,祝贺你朱婷[赞][赞][赞],2022-12-21 22:24:54
,98200528756,周先生54821,祝贺！,2022-12-21 21:43:39
,51269670192,波波145252823,我的婷[赞][赞],2022-12-21 19:56:23
,3378116212829629,很好哦,又不是为中国比赛，没意思！,2022-12-21 18:11:54
,57303156724,三园颐和,可以去意大利风生水起，就是不愿参加中国国家女排。,2022-12-21 20:36:02
,52446665773,岭上果蔬,[鼓掌][鼓掌][鼓掌][鼓掌][鼓掌][鼓掌],2022-12-21 18:53:27
,105186274928,liuj1an,上次我看了一篇报道，是中国驻意大利理事会发给朱婷的。,2022-12-21 21:27:23
,62041617085,智者帆船a6,牛🐮,2022-12-21 18:04:17
,109403717818,大者若水,恭喜朱婷👍👍👍👍👍👍,2022-12-21 22:11:48
,1903977887970221,用户1973566912910,朱婷好样的[赞],2022-12-21 22:17:04
,5378134124,归向大海5378134124,难怪女排世界大赛成绩下滑[捂脸][捂脸][捂脸],2022-12-21 17:48:02
,89985737417,执着的钢笔Mi,[爱慕][爱慕][爱慕][祈祷][祈祷][祈祷][赞][赞][赞],2022-12-21 21:36:27
,6950090389,秋寒幽梦,为金钱打球，或是为自己打球我永远看不起她。不为国家而战才是人民尊敬！,2022-12-21 21:17:26
,108110232996,千福巷,朱婷的出路是在国内，选择国外哪个俱乐部都是选错了路、事实会证明這一点，国外的一切努力，都是往弗心机。,2022-12-25 21:28:21
,2519735018195911,直率饺子rK,转发了,2022-12-22 14:07:38
,72561081726,谁胡说八道造谣我就骂,我最喜欢姚笛，她两个在一起好好练练配合，配合的关键就是二传，和别的队员配合都是次要的,2019-10-18 06:30:07
,5926589193,谦和71751431,姚迪好看,2019-10-18 02:15:18
,6306048741,oldbaby210,这个赛季姚迪是队长了吧？,2019-10-18 08:54:43
,59371547719,乘风破浪的微风Cym,最后一句暖心了，真是诚心诚意的邀请,2019-10-18 08:40:46
,1657698098358600,浅醉的中年6,"为什么五号球衣，为什么不穿2号球衣,还是国家队的2号有像征性好",2019-10-18 05:43:53
news_title,user_id,user_name,pl_content,pl_time
,3093536299,峡谷LWC,关注朱婷的比赛，要比关注国内女排联赛的多得多。,2022-12-15 09:30:04
,3117855532923251,夕阳红287176733,穷人家的孩子早当家，象張常宁就不行，家里条件好就没有吃苦精神。朱婷好样的，注意身体祖国还需要心水。[赞][赞][赞][赞][赞][赞][赞][赞],2022-12-15 07:32:51
,58991011787,热情的雪松,朱婷是国家女排的象征，亿万球迷对她寄予厚望，期待她能率领国家队再创辉煌！,2022-12-15 08:11:49
,69714974932,专打不公平正义联盟,没后台的球员只有拼搏！朱婷加油！嫉妒你的心脏病犯了。哈哈哈,2022-12-15 08:21:55
,58861751821,英明果断山雀W3,怀念朱婷时期的中国女排,2022-12-15 06:37:20
,59514186089,飞雪及寒,我一直为朱婷不能参加今年的欧冠感到遗憾，没想到失之东隅，收之桑榆，如果斯坎迪奇能拿到欧联的冠军，这何尝不是锦上添花，为朱婷的职业生涯又增加一份传奇色彩，虽然这座冠军奖杯的份量没有欧冠奖杯的份量重，但是朱婷已经两次征服欧冠了，欧联还没有过,2022-12-15 07:34:06
,53373632362,奋发有为葡萄j,我就服朱婷,2022-12-15 07:22:50
,83268889531,河畔翁26531A,"支持朱婷！
看评论者的IP属地。",2022-12-15 12:52:30
,325927901337390,魔法风声iD,一门心思打球的球星。,2022-12-15 11:16:49
,4019437673123047,简单西柚Ynp,永远爱朱婷！她是中国女排的骄傲！球技人品俱佳！无论身处何方都闪耀光芒！那些罔顾事实诋毁朱婷的人在铁的事实面前无地自容了吧！,2022-12-15 14:51:39
,74826100327,闲看落花坐看云起,手腕还是缠着厚厚的绷带,2022-12-15 11:27:48
,2845166079327867,华丽的江河,给朱婷一些时间更能证明她不负众望。,2022-12-15 10:08:31
,2686858072173459,欢快明月pF,朱婷最棒！[赞][赞][赞][玫瑰][玫瑰][玫瑰],2022-12-15 09:46:12
,52523271935,宝马144054681,得朱婷者得冠军。,2022-12-15 12:03:24
,10881037073,平庸的山里汉,期待不久将来婷王是世界女排头号教练！,2022-12-15 11:22:33
,52739002950,用户2499626476846,低调才是實力，加油！,2022-12-15 12:38:11
,3724749362443691,智慧的双琪妈妈,期待朱婷伤愈归来后，再次凤凰涅槃创造辉煌,2022-12-15 11:14:48
,4275336045922120,乘风破浪的星球ey,朱婷才真是中国女排百年难遇的超级球星。,2022-12-15 07:16:04
,3334198841576700,青涩奶茶Ku,朱婷有八成功力就是世界最顶尖的主攻,2022-12-15 12:02:19
,59919736491,苍翠欲滴小哥,切记，国家利益高于一切[加油],2022-12-15 12:56:59
,12499510224,解落二月花,对这种寒门贵子天然没有抵抗力，发自内心的喜欢！,2022-12-15 12:21:55
,18415389155,云龙居士6,朱婷出战意大利，伤后复出一鸣惊人。应证了排坛老前辈汪嘉伟一句话:一个朱婷顶着半个中国队的作用。中国女排朱婷回归，再创辉煌，可以期待。,2022-12-15 09:53:34
,1732427243331896,端庄优雅宇宙72,要珍惜爱护我们为数不多的世界标准之杰出人才[微笑],2022-12-15 12:37:57
,56232796117,王雨艽诗词,天神回归，四座皆惊。伤愈朱婷，又振雄风。,2022-12-15 07:24:09
,57579906175,struggleluWs,朱婷最棒！[赞][赞][赞][玫瑰][玫瑰][玫瑰],2022-12-15 09:25:58
,5417928674,tuski2311,厉害,2022-12-15 06:17:02
,92834363412,定制玲珑心,从来不让人失望，只要她健康,2022-12-15 07:29:27
,1583759780479486,一往无前鲸鱼xM,朱婷加油！支持朱婷！[给力][给力][给力],2022-12-15 09:37:33
,61891303622,徐老师188,主要是路走对了，如果当时去打篮球，就浪费了一个排球天才。,2022-12-15 08:46:35
,54255469967,省二医院生殖男科靖涛,排球管理层现在做的就是要发现人才，培养人才，在朱婷退役后中国女排仍能够位居前列！做到可持续发展,2022-12-15 11:26:37
,104784734018,笑看风雲2416,除了朱婷郎平，中国女排运动员经常扣球把自己扣一跟头，为啥呢？尤其是对方拦网时，感觉是吓到了。[捂脸][捂脸][捂脸][捂脸],2022-12-15 15:12:06
,91807423538,天下平静,千万富翁绝对绰绰有余💰,2022-12-15 12:30:53
,99370611419,正午阳光8095,转发了,2022-12-15 07:29:14
news_title,user_id,user_name,pl_content,pl_time
news_title,user_id,user_name,pl_content,pl_time
news_title,user_id,user_name,pl_content,pl_time
news_title,user_id,user_name,pl_content,pl_time
news_title,user_id,user_name,pl_content,pl_time
news_title,user_id,user_name,pl_content,pl_time
,4468867493536557,不喝咖啡的星爸爸,按照蔡斌指导一套阵容打天下的思维，朱婷即使没有手腕的伤也会废掉，朱婷就是伤就是因为过度被依赖、被使用导致的，太可惜了,2022-12-07 21:57:34
,52453986032,正能量满格0,朱婷为中国女排立功无数，地域喷子放过她了吗？,2022-12-07 19:10:12
,91686804363,乐观的百香果T,别望了，科内的哈克没上，赢了也不算真实力,2022-12-07 06:10:25
,3900676595791180,FU雨中听曲,中国队没有强力接应、副攻太差、二传也不顺手,2022-12-10 08:32:39
,2480917315323933,坦荡的葡萄3Y6,欢迎朱婷回归国家队，为祖国争光。,2022-12-07 16:40:05
,108671288800,洒脱白云zl,朱婷你該回國扛大梁了扛起主教練的大旗發揚你師付的精神,2022-12-07 02:44:20
,2726440866420599,用户4074602060829,祝福朱婷早日康复，效力中国女排！[赞][赞][赞][赞],2022-12-07 10:42:45
,58148922148,手机用户58148922148,希望朱婷越来越好，加油！[赞][赞][赞],2022-12-07 07:30:52
,98286768292,Hello_Alan862,朱婷回归后 我才有兴趣看女排的比赛[捂脸],2022-12-08 09:28:24
,100691469104,自在and欢喜,副攻是中国队最差的环节。原来颜妮的拦防是世界级的，如今国内那几个副攻要拦网没拦网，要快球进攻没进攻。即便朱婷，宝宝，李盈莹都参加巴黎奥运，也只能争一下奖牌了。金牌是几乎无望的。,2022-12-08 19:45:10
,100071346076,友竹居居士,朱婷打得好不好，得看二传。刁世锦赛已达上限。没有更好的二传，天朝不可能进四强。,2022-12-08 09:00:29
,106838532595,上进清闲的海洋De,斯坎迪奇主教练有眼光，慧眼识英雄，,2022-12-07 18:47:59
,104589324895,GoBetter,科内主力未上场,2022-12-08 12:22:23
,58973285757,Sunshine158157319,莫让浮云遮望眼，顺逆如一,2022-12-09 14:50:28
,52713109727,高级山丘unf,没有朱婷难！,2022-12-09 14:09:44
,4547222782,阅山听溪民宿,持续观察，相信郎导的眼光，相信朱婷的实力和经验，毕竟目前来看，朱婷还是女排球员中相对最优秀的。,2022-12-07 11:19:37
,1591733557926915,勇往直前的云朵MR,对这个拽子不感兴趣。,2022-12-09 11:35:40
,830855899528024,马乔的尘封往事,手腕老伤，很难彻底回复,2022-12-07 11:42:10
,3153053804140312,用户1061194635606,朱婷在意甲渐入佳境，对中国女排至关重要。,2022-12-07 21:39:45
,1481795798831950,随性自由的钢琴C9,世锦赛看了王艺竹顶替龚翔宇打接应的那场比赛。王艺竹身材匀称，进攻防守拦网动作非常协调。有大将之风。应该是可塑之才。,2022-12-09 08:35:22
,106524443540,诗意梦想2e,"一个重要的问题在于朱婷要彻底养好伤!!朱婷在,中国女排可进四强!朱张同归中国女排可夺冠!!李盈莹目前无法与朱张同比!！",2022-12-08 17:38:59
,3104620536143774,爱家五常9w,。说的真好，切合实际 ，有朱婷的中国女排和缺少朱婷的中国女排是不一样的。希望朱婷保持身体健康，越来越好。,2022-12-07 09:12:42
,6681001971,理喻104706261,马赞蝇莹了,2022-12-07 12:06:31
,102081070658,热情溪水Lu,朱婷加油，保护自己你是中国女排带领者[赞][赞][赞],2022-12-08 16:10:54
,61819300986,临水羊,今年的新主攻，最看好陈博雅，身体条件不错，有头脑，反应快能拦网，一传也稳，她若和吴梦洁若这两年能顶上，至少取代王金没有问题，巴黎可与朱婷打对角，李盈莹这么好的高左手，应该改打接应！与龚翔宇形成两种风格。国内强边攻太少，练不出好副攻。只能说张世绮不错，也能拦深圳。上海陈厚羽今年很冒尖。江苏的两个小副攻身体条件太好了，还有山东的王文涵，赛与训不抓好就可惜了。二传至今没有拔尖的，只能说许晓婷稳定一些。,2022-12-09 08:15:30
,4229108254,逆风36040963,岁数到了 接受现实 亚洲女子排球巅峰在22到26,2022-12-08 08:09:34
,2397404467574936,部掌,哈哈😃，要是有一天发挥失常又遭骂惨,2022-12-10 07:58:41
,1821212280619245,峰之乐,不太乐观,2022-12-07 08:32:55
,2115089759218748,浪里个浪,看到朱婷在中国球队中，我的心也十分踏实，我只是个普通球迷。我有点害怕塞尔维亚波斯科维奇，意大利艾格奴，怕我们中国女排整不过她们国家队。[钱][钱],2022-12-07 11:56:41
,6765949686,深秋的黎明111743001,"""副攻位置球员的拦网问题非常大"",这点我非常认同,特别是移动拦网跟欧洲强队根本比不了.",2022-12-07 15:20:52
,108110232996,千福巷,朱婷的排球生涯、不是在国外表现如何来决定国家女排的取与否、而是由国内的表现来决定，难国内没有鉴别的能力吗？這种依靠外国的思想好吗？,2022-12-08 18:14:06
,844020441948063,追梦7555,朱婷在厉害没用，主教练差，夺难,2022-12-07 11:01:17
,3272562399257419,乖巧天空GK,李盈莹还年轻？从表现来看就是个最核心的球员。当然满血状态的朱婷回归最好，双剑合一，中国女排的战斗力更强。,2022-12-11 15:20:45
,81803279749,小灰灰,朗导回来才有希望争金夺银,2022-12-08 22:02:12
,101439593289,灿烂蜻蜓Fj,赞朱婷👍👍👍,2022-12-09 12:30:06
,3183788199256552,心存善念天地渐宽,相信朱婷一定会王者归来，她只是受伤病困扰，等到伤喻，还是国家队最强大腿,2022-12-12 21:08:35
,103552525018,无风无雨花自飞,其实中国女排最大的短板是二传,2022-12-08 20:09:56
,101716459756,潇洒蛋糕P3,朱婷确实是很优秀堪大用，但她也不可能永远年轻呀，必须要有一茬一茬的接班人…,2022-12-07 21:49:59
,3109013833130087,淡泊观澜,王还是算了吧，,2022-12-07 09:03:29
,53520993830,文墨静好,朱婷好样的！！,2022-12-12 11:38:26
,5461615536,豫您有约,近期看朱婷状态很好 只剩手部发力要注意保养！,2022-12-11 07:52:45
,55625399191,依依150876543,确实是！朱婷加油！,2022-12-13 07:14:23
,76848256382,飞翔的南极铜,张常宁啥时候回归呀,2022-12-10 19:49:28
,95535174480,三德侃球,转发了,2022-12-07 06:21:46
,549376584584484,太极王子,转发了,2022-12-07 12:50:07
,107939301747,亲切水滴DIq,国际朱，世界女排历史最佳主攻手之一,2022-12-07 23:50:42
,95854280772,飞阿爸,郎平纵横排坛数十年，阅人无数，慧眼如炬，岂是津迷能懂的。,2022-12-07 19:31:23
,89985737417,执着的钢笔Mi,[耶][耶][祈祷][祈祷][祈祷][赞][赞][赞][喝彩],2022-12-07 12:16:42
news_title,user_id,user_name,pl_content,pl_time
,55625399191,依依150876543,最爱看朱婷打球，加油！,2022-10-31 08:03:28
,6103729707,Ethan79327046,王者即将归来,2022-10-30 15:27:19
,9764042856,自强不息饭团ku,不要把希望寄托给某一个人身上，地球上离了谁都照转！,2022-10-31 10:50:14
,4571463524,58e65都戴过,教练保护朱婷！[赞][赞][赞],2022-10-31 12:08:51
,3341935602,心随婷行,完全靠实力拼博出来的朱婷，真的伟大，希望朱婷健康，,2022-10-31 04:37:54
,11147593293,潍坊秋白考试作文,外国教练即使不要成绩，也首先设法保护队员。,2022-10-30 18:34:11
,3443321343315415,用户明见10996039229,期待婷宝雄风再现[赞][赞][赞],2022-10-30 17:55:20
,6480129257,八爷爷爷爷,婷你,2022-10-30 16:42:26
,108110232996,千福巷,排球比赛一定会谁看情况的变化，谁時进行场上队员的调整、所以说全体队员都要有隨時上场的思想准备。,2022-10-30 23:16:31
,109892307273,成熟海浪iI,朱婷在国内被挤出去了？悲哀啊。,2022-10-30 20:55:47
,1802843070400301,顶级百灵鸟wk,估计不复当年勇,2022-11-01 20:04:46
,3136267601847326,用户无忧大叔,这么碎动不动就泪目,2022-10-30 19:05:52
news_title,user_id,user_name,pl_content,pl_time
,25984715205629,清爽河流oNF,朱婷该退休了，培养新人才是正道。不应该将希望全靠在朱婷身上，我们国家有很多优秀排球隊员，蔡教练应该着眼发掘培养比朱婷更优秀的主攻选手，让中国女排再登高峯,2023-08-30 00:33:02
news_title,user_id,user_name,pl_content,pl_time
,6695952311,梅花艺术欣赏,朱婷的健康要放第一位，不管结果如何？永远都是我心中的女神！,2022-12-25 14:42:03
,13643626006,爱心献给你1,不和她拼得分，只要球队营了就行,2022-12-25 13:10:16
,9992866356,网评爱好者,婷队的贴身丫鬟姚肥怎没一起去呀？津吹们不是说有婷队就有胖子吗？差评！,2022-12-26 07:47:05
,53366413063,啊伟184861684,加油加油加油朱婷！！保护好自己[加油][加油][加油][加油],2022-12-25 19:13:03
,1604927366111059,娜么傲,我婷这场表现取决于本队二传能否超水平发挥以及队友能否多点开花。,2022-12-25 18:11:10
,3681606084070973,梅梅,支持朱婷好样的！直得大家点赞！,2022-12-25 17:34:08
,98697602954,完美海燕Gs,要看球队整体实力发挥的，看一两个人得分多少有什么用，,2022-12-25 14:10:17
,105379121078,零落成泥芳香如故,保护好自己，发挥应有水平,2022-12-25 12:38:18
,276683052299447,半糖微甜tang,朱婷[赞][赞][赞][赞][赞][赞][赞],2022-12-25 13:24:47
,2726440866420599,用户4074602060829,祝福朱婷伤病早日康复，尽快回归中国女排！[赞][赞][赞],2022-12-25 17:44:35
,60877626089,淮上烟波,不能乱写“率队″，一不是教练二不是队长，写率队不合适。,2022-12-25 22:43:09
,14460163828,1137658725,努力与潇洒，周口老球友支持你,2022-12-25 23:19:52
,52523271935,宝马144054681,得朱婷者得冠军,2022-12-25 20:27:09
,67125862584,用户624391723874,背景板就是中国老式床单，土到极致就是潮,2022-12-26 09:49:47
,59215823680,灿烂星空aM,你觉得佛罗伦萨是强队吗？,2022-12-25 13:27:33
,63445435332,陈思银3,朱婷的进攻方面就是球队的帮衬，队内主要的进攻人是接应 。,2022-12-25 21:43:04
,68522816128,C9吻风听雨,不断挑战高手对自己才会有提升。,2022-12-25 19:14:21
,1750882596693744,开朗帆船FF,朱婷要保护好自己，不论怎样都支持你，为你加油！为斯坎迪奇加油！,2022-12-26 16:16:56
,2757229260056771,少吃点找找看哈哈,根本不是一个段位的，没什么期待的,2022-12-25 14:43:00
,15785230156,走单骑douyin,什么像床单，那是圣诞背景补，懂不懂啊？,2022-12-25 21:39:20
,57654212440,照耀50,感觉比利时的更猛一点。力量速度要胜出一点。,2022-12-25 23:00:34
,3831614057,nnna小姐,在哪里看,2022-12-25 17:45:33
,6321478293,爱健身的小蜀黍,到底是27号零点还是三点,2022-12-26 10:41:33
,3151247020,大汉血,不说话！只看！过些年之后，她会忏悔的！,2022-12-25 13:42:07
,1103499040130664,维维莫莫的美,目前实力不如对手了，看临场发挥吧,2022-12-25 16:31:44
,14460163828,1137658725,朱婷，先保存好自己，努力做好，不必刻意，我们相信你，不在一场，一赛。,2022-12-25 23:17:11
,52824142170,四零后活在当下,毫无悬念，朱婷伤一旦治好实力肯定强于吴梦洁和王云路，根本不在一个级别上。,2023-01-04 00:05:22
,101017393006,相忘于江湖l,即使受伤了朱婷实力也要远远高于国内攻手以及很多知名的国外攻手,2023-01-04 07:44:00
,93333077503,敏锐船帆M,比李要强几个档次,2023-01-04 07:36:51
,4402091264841659,乖巧暖阳qY,朱李配早就有答案了，世俱杯倒冠，东奥第九。,2023-01-04 08:45:21
,50307264557,我爱我家126805251,失望,2023-05-24 13:34:43
,71544930272,一往无前小红花p9,都是借口 郎平指教你们在看看 大婷回归不,2023-05-24 17:35:02
,51572581418,酒满情,就喜欢看李盈莹，身材越来越漂亮真好看。,2023-05-24 20:21:08
,104945831376,幽默风声p6,人各有志，高薪国外打球不痛，一提回国就痛，既然病情这么严重，排菅中心不必费心思，干脆利落清除回家慢慢养十年，才回队打球，期盼，,2023-05-24 22:07:48
news_title,user_id,user_name,pl_content,pl_time
,74426458796,博学多才的铅笔QY,不回归背后有高人指点,2023-06-15 07:54:08
,11822400070,张木匠15,朱婷应该好好养伤恢复健康。不要在国外还在打球，这样何时才能夠恢复？,2023-06-14 21:53:50
,3690388612711463,喜阳阳,朱女婷为女排立功对祖国有供献人应正确对待她，.耐心等待,2023-06-14 19:48:48
,2656019225783224,智者芒果1,朱停是实上是为了逃避中国女排输球的现实！等中国女排完全强大了自然就回来了！,2023-06-14 16:08:54
,3421272956999646,正大光明海风TC,真相就是不回归！在意大利比赛难道手腕不疼，回国就有伤痛了？别忽悠了！,2023-06-15 13:48:46
,2198642820911747,一往无前大庆,还是别回来了，蔡斌不需要球星，蔡斌靠是集体的力量取胜,2023-06-14 19:27:59
,101475417899,老尹不才,这些都是表面的问题，国内没那么高的薪水，谁不想多捞点。明眼人都知道，,2023-06-14 17:47:40
,106156694235,用户9429104603494,即然有伤不能回归中国女排，那为什么在国外还在打球？还能打球？并成为核心？,2023-06-15 07:50:58
,76183131036,赵云群1,说的非常对，,2023-06-15 09:10:43
,264300009105806,奋发饼干n,为啥在国外有使不完劲！,2023-06-14 15:19:31
,4490045739514692,憨厚实在人,只要齐心协力，少了谁都不影响中国女排进步！,2023-06-14 19:54:34
,4205005331508299,自若沙滩7l,中国排球大有人在,2023-06-15 06:18:01
,102850647980,正能量春风09e,主播你好，是朱婷和你直说吧？,2023-07-10 12:09:53
,2466954575353159,爱生活的帆船8j4,朱婷你以为你自己是女排的定海神针？而如今的你是一个女排队伍中的普通队员？,2023-06-14 17:56:15
,110518985812,热心火车OL,朱婷能出国打球。为何不能回国代表中国队参加国际比赛。希望领导不要为她开脱了。,2023-06-14 17:58:04
,110826088157,朴实星星x5,主播说的对[赞][赞][赞],2023-06-14 16:53:39
,1939158907235207,用户7998594614628,[耶],2023-06-14 23:02:05
,74426458796,博学多才的铅笔QY,看行动,2023-06-15 07:52:35
,96756477453,德才兼备湖泊IP,转发了,2023-06-20 07:33:24
,1322058328584319,神秘露珠2iz,开除朱婷,2023-07-04 01:05:28
,70719684998,Sgmm,最好别回来,2023-06-14 18:55:21
,2273438938176283,外向辰星xn,身体不允许，可以在外边打球，小兵在为朱婷歌功颂德,2023-06-15 13:33:50
,3378116212829629,很好哦,又不是为中国比赛，没意思！,2022-12-21 18:11:54
,57303156724,三园颐和,可以去意大利风生水起，就是不愿参加中国国家女排。,2022-12-21 20:36:02
,109593708667,黑猫63328,大婷永远是大婷！这个国际范总是精彩四溢！衷心祝福朱婷再接再厉，勇往直前！[赞][赞][赞][赞][赞][赞],2022-12-21 15:47:39
,52446665773,岭上果蔬,[鼓掌][鼓掌][鼓掌][鼓掌][鼓掌][鼓掌],2022-12-21 18:53:27
,6950090389,秋寒幽梦,为金钱打球，或是为自己打球我永远看不起她。不为国家而战才是人民尊敬！,2022-12-21 21:17:26
,55798284491,怵怵6,球迷想念大婷,2022-12-21 17:59:46
,962816063051102,积极的努力的人,祝贺你朱婷[赞][赞][赞],2022-12-21 22:24:54
,3192582001927549,勇敢的清风ON,朱婷好样的，为中国女排联赛取得很多成绩！[祈祷][祈祷][祈祷][赞][赞][赞],2022-12-21 21:45:57
,5378134124,归向大海5378134124,难怪女排世界大赛成绩下滑[捂脸][捂脸][捂脸],2022-12-21 17:48:02
,62041617085,智者帆船a6,牛🐮,2022-12-21 18:04:17
,102081070658,热情溪水Lu,恭喜朱婷继续努力加油！,2022-12-21 20:42:12
,50381069870,海纳百川Aayk,祝贺朱婷！中意排球文化交流的大使！,2022-12-21 17:33:27
,69465597960,青春年少放声大笑,恭喜朱婷[赞],2022-12-21 15:02:14
,51269670192,波波145252823,我的婷[赞][赞],2022-12-21 19:56:23
,105186274928,liuj1an,上次我看了一篇报道，是中国驻意大利理事会发给朱婷的。,2022-12-21 21:27:23
,98200528756,周先生54821,祝贺！,2022-12-21 21:43:39
,89985737417,执着的钢笔Mi,[爱慕][爱慕][爱慕][祈祷][祈祷][祈祷][赞][赞][赞],2022-12-21 21:36:27
,1903977887970221,用户1973566912910,朱婷好样的[赞],2022-12-21 22:17:04
,109403717818,大者若水,恭喜朱婷👍👍👍👍👍👍,2022-12-21 22:11:48
,108110232996,千福巷,朱婷的出路是在国内，选择国外哪个俱乐部都是选错了路、事实会证明這一点，国外的一切努力，都是往弗心机。,2022-12-25 21:28:21
,2519735018195911,直率饺子rK,转发了,2022-12-22 14:07:38
,72561081726,谁胡说八道造谣我就骂,我最喜欢姚笛，她两个在一起好好练练配合，配合的关键就是二传，和别的队员配合都是次要的,2019-10-18 06:30:07
,5926589193,谦和71751431,姚迪好看,2019-10-18 02:15:18
,6306048741,oldbaby210,这个赛季姚迪是队长了吧？,2019-10-18 08:54:43
,59371547719,乘风破浪的微风Cym,最后一句暖心了，真是诚心诚意的邀请,2019-10-18 08:40:46
,1657698098358600,浅醉的中年6,"为什么五号球衣，为什么不穿2号球衣,还是国家队的2号有像征性好",2019-10-18 05:43:53
news_title,user_id,user_name,pl_content,pl_time
,52655808519,兔子一枚123,主播没有原则，每个公民在报效祖国都是主动积极的，尤其是知道自己有特长能为祖国争的容益，都要迫不及待的先联系先报名，这才是主要太度，否则都是不对的。,2023-06-22 13:23:15
,813270820981118,儒雅轮船c,诸葛亮保刘备，保的是明君，而不是昏君，理解吧，蔡彬几次当教练了，球迷都看透了，球星看不懂啊。,2023-06-22 09:33:39
,110142407380,刘智刘老师18701760006,蔡斌都没有报名朱婷，怎么参加！,2023-06-22 17:56:59
,53500904408,完美溪水6f9,起用年轻队员！,2023-06-21 17:46:39
,122800592925603,分秒必争雪碧vuw,"不知是“驴儿不走”还是“磨盘不转”?
中国的事，复杂!",2023-06-22 10:01:35
,804481006043627,淡定铅笔hT,中国女排以经输了，在回来，有没有用呀？真是假心假意呀？？？？？？,2023-06-21 16:05:30
,3834732374657470,旅行家高碑店8T7,不要说朱婷,2023-06-21 17:54:32
,101475417899,老尹不才,亲们，你们等着看吧，不出意外的话，五年内人家都可以在外面安家落户了。,2023-06-22 01:46:08
,202759490780509,无双星空mD,在国外能打，到国内不能打球,2023-06-22 11:43:07
,1767623125120605,知情达理湖泊Ur,比赛重要,2023-06-22 13:29:13
,56223629326,Yztnwb,去嫁洋人吧，享福去吧。,2023-06-22 12:31:38
,202759490780509,无双星空mD,拿高工资，不为国家队出力,2023-06-22 11:42:23
,638167025190099,82108210833,运动员不好强求滿足球迷胃口运动员不是机器人永远不受伤不生病磨刀不误砍柴工否则有伤病不治彻底就会断送一生运动生涯刘翔就是活生生例子平常练出超人训练量积少成多积病存多不按科学训练一味要求成绩家门口比赛08年奥运会北京奥运会一百一十米高栏决赛就出现了田径迷刘翔迷不按科学！好容易盼训练保养恢复挽救的一辈子不能再实现自己田径迷的愿望了激情一时毁了终身不拿北京奥运会一百一十米了高栏这块金牌又能怎样能损坏中国体育大国的荣誉吗毁了刘翔一生不叁加北京奥运会积极治疗养病恢复得彻底沒准现在刘翔还在驰骋赛场上巴黎奥运会参加都没问题的中国田径领军人物定海神针就这么毁了运动员是人不是神弄不好就毁l了好不容易盼来个苏炳添接班扛起这杆定海神针的大旗又亡了现伤病报废o3年全年所有赛事积极养伤恢复这是总结了刘翔教训聪明之挙的决定所有2o23年田径大赛及杭州了亚运会百来金牌不拿无价谓来日方长显身手奥运会巴黎才是主要目标和意义所在：毕竟中国出了亇刘翔苏炳添确实几十年中国才现这俩人不易可怕的是来朱婷事件又满城风雨球迷恨铁不成纲让朱婷一带伤上阵为国爭光又一错误想法不了解实情又要毁一位运动员吗只顾眼前只能没病没伤为国争光有点伤病就是帽子扣上一大落比如女足姑娘女足的定海神针也危险了脚伤不治彻底强求上场为国爭光打不进球动作做不出来就是谣言四起对国不忠空有虚名让这些不当家不知柴米贵的人闲嘴吧爱护这动员是苐一位否则事：得其反不l说了,2023-06-22 11:57:42
,97948254602,怡然自乐520,不要等她了！你们有些人还在为她辫护！老百姓都看清楚了！不要再捧她了！打球人不打球 ！是为什么呢？钱！钱！钱！！！,2023-06-22 12:59:26
,83544285905,老太婆4134,别拿球迷当傻子！人家回国是参加活动的，不是参加比赛的！,2023-06-21 17:02:47
news_title,user_id,user_name,pl_content,pl_time
news_title,user_id,user_name,pl_content,pl_time
news_title,user_id,user_name,pl_content,pl_time
news_title,user_id,user_name,pl_content,pl_time
news_title,user_id,user_name,pl_content,pl_time
news_title,user_id,user_name,pl_content,pl_time
news_title,user_id,user_name,pl_content,pl_time
news_title,user_id,user_name,pl_content,pl_time
,108211943431,宿老师——我爱我家,朱婷从被怀疑能否适应意甲联赛的比赛节奏，到如今成为球队的主心骨。这期间有朱婷的努力付出，也有主教练的信任和鼓励。“我们不在乎朱婷得多少分，在乎她能健康地打球”这样的主教练真是让人佩服。,2022-12-18 13:20:46
,1666491310682628,俩宝奶酪,朱婷百年一遇的排球奇才[必胜][必胜][必胜],2022-12-17 11:48:18
,2207475450001069,用户218559622375,朱婷再一次用实力证明了自己[赞][赞][赞],2022-12-16 08:18:38
,55157267847,大伟的下半场,其实现在我更应该看重朱婷的效率而非得分，因为她扣太多的球，对手腕的恢复不利，所以现在二传一般到位球和战术攻的球很少给她，给她的都是调整攻和关键球，朱婷长期是面对两到三人的篮网，能有这样的效率已经非常好了,2022-12-16 11:35:43
,63004546780,聪明柳叶w7,如果为国家作出这样的贡献就大赞。,2022-12-16 11:30:05
,101940238554,用户1111610753763,期待朱婷女王早日康复，然后带领中国女排重返巅峰！,2022-12-16 09:34:40
,3491640272491758,大大的胖橘,朱婷越来越棒了！加油！,2022-12-18 18:22:27
,108881436982,聪慧闻香识茗,永远的大婷[玫瑰][玫瑰][赞][赞][赞],2022-12-16 10:39:14
,56986540067,贺兰长空,加油加油加油,2022-12-16 11:44:51
,229121908539566,霍杨林州,黑子造谣者没得到应有的惩罚！,2022-12-16 10:46:40
,51813806200,聪明葡萄d0王世海,+奧運會𠕇你也丟了,2022-12-16 12:14:28
,97965166324,鼎鼎～一期一会,朱婷回来就有争冠的实力？朱婷还是好好保护自己吧！国家队有好多天才，还有诸葛亮。,2022-12-16 17:51:59
,2480917315323933,坦荡的葡萄3Y6,早日康复，回归国家队，为国争光。,2022-12-16 10:42:49
,50071998475,热闹芒果g,与李盈莹搭档成为世界顶尖主攻组合，中国队必赢！,2022-12-19 07:48:43
,108110232996,千福巷,朱婷在斯坎迪奇俱乐部的比赛，出场次数场场不落，也不分什么关键场不关键场了，早把爱护优秀球员的做法忘了，俱乐部出钱租来的球员，目的是上场盈球，实践达不到俱乐部要求的，很简单、解约走人。,2022-12-16 13:51:51
,2981468634096429,肯定能好,排球是集体项目，光靠一个朱婷是不行的！一传，二传，拦网都得发挥的好才能取得好成绩！,2022-12-18 19:23:07
,20060418116,才思敏捷小红花HD,非常期待朱婷能回到之前的最佳状态，中国女排太需要你了。,2022-12-23 15:24:14
,5486855534,尚者3r9f,说话意大利斯坎迪奇俱乐部有战略眼光，在朱婷在手术后就签下了朱婷，而且给足了朱婷治愈伤势的时间。不去斤斤计较得失，朱婷为什么发挥那么好？一是伤势恢复的很好，二来也是朱婷个人通过自己的表现态度感谢该队的主教练。也给该俱乐部老板看到朱婷没有辜负你们！好样的！从每场技术分析到的数据，尤其是朱婷的一传，防守等的确是令人振奋！无愧于时代的世界主攻手！,2022-12-23 20:40:53
,100638813614,认真的山丘qg,愿朱婷越来越好,2022-12-23 19:07:02
,2655365989,大海149298199,联赛水平摆在那里，放飞自己吧，走自己的路，没必要背负太多[赞][赞][赞],2022-12-23 17:11:55
,70155044375,真诚大鹏展翅,婷队加油，巴黎奥运会见[赞][比心],2022-12-23 19:10:30
,64906794877,Alex194785665,马里诺夫什么时候是顶级二传了？[捂脸],2022-12-23 12:15:32
,3964039095,sdzwlxsj,朱婷世界第一了，那我们的宇宙莹算第几呢？,2022-12-23 21:40:39
,2532870001013616,人生得意须尽欢238L,哪里有直播,2022-12-23 21:45:21
,6011819372,听不剑,梅西35岁还能拿世界杯冠军，朱婷才28岁怎么那么多人看衰她？更何况排球基本没有身体对抗，这有利于运动员延长职业生涯,2022-12-23 22:20:47
,50318742234,飞奔阳夏,注意身体,2022-12-23 14:20:02
,3883090151481143,完美松鼠o5,我总觉得朱婷与張常宁在郎平辞职后，再创辉煌可能性不大，都因有伤沒有归队，参加世锦赛，依我个人看来不一定对，朱亭距世锦赛结束没多久就在意大利打出这么高的水平，张常宁不细讲，现在不喜欢她。以上是我的猜测不一定对，但朱張过去为国争光贡献力量，功不可沒！心中还是很希望女排姑娘重振战鼓，力争上游，再创佳绩！更希望朱婷回到队伍中一如既往！,2022-12-23 17:04:11
,58940459837,墨汐m,最全面最优秀的世界第一主攻手朱婷名符其实，能跟朱婷在一起打球的球员是最幸运的，永远支持最优秀的朱婷[赞][赞][赞][赞][赞][赞][赞][赞][赞][赞][赞][玫瑰][玫瑰][玫瑰][玫瑰][玫瑰][玫瑰],2022-12-23 16:18:02
,8472372496,悟空257751496,抢手货啊[灵光一闪][捂脸][捂脸]各家俱乐部疯抢,2022-12-23 18:18:47
,2418573636026205,好学清泉xI,希望 朱婷 张常宁 明年一起回归,2022-12-23 14:26:07
,96253244916,萌面超人阿凡达,这样下去。赛季拿一个冠军不成问题。问题是不能老这样砍瓜切菜。你的选择还是瓦基弗,2022-12-23 16:37:23
,98697602954,完美海燕Gs,有圣诞老人的照片里，怎么没看到朱婷呢,2022-12-24 19:33:37
,100381480612,灵敏花猫l,转发了,2022-12-23 18:15:00
,55625399191,依依150876543,最爱看朱婷打球，加油！,2022-10-31 08:03:28
,6103729707,Ethan79327046,王者即将归来,2022-10-30 15:27:19
,9764042856,自强不息饭团ku,不要把希望寄托给某一个人身上，地球上离了谁都照转！,2022-10-31 10:50:14
,4571463524,58e65都戴过,教练保护朱婷！[赞][赞][赞],2022-10-31 12:08:51
,3341935602,心随婷行,完全靠实力拼博出来的朱婷，真的伟大，希望朱婷健康，,2022-10-31 04:37:54
,11147593293,潍坊秋白考试作文,外国教练即使不要成绩，也首先设法保护队员。,2022-10-30 18:34:11
,3443321343315415,用户明见10996039229,期待婷宝雄风再现[赞][赞][赞],2022-10-30 17:55:20
,6480129257,八爷爷爷爷,婷你,2022-10-30 16:42:26
,108110232996,千福巷,排球比赛一定会谁看情况的变化，谁時进行场上队员的调整、所以说全体队员都要有隨時上场的思想准备。,2022-10-30 23:16:31
,109892307273,成熟海浪iI,朱婷在国内被挤出去了？悲哀啊。,2022-10-30 20:55:47
,1802843070400301,顶级百灵鸟wk,估计不复当年勇,2022-11-01 20:04:46
,3136267601847326,用户无忧大叔,这么碎动不动就泪目,2022-10-30 19:05:52
news_title,user_id,user_name,pl_content,pl_time
,25984715205629,清爽河流oNF,朱婷该退休了，培养新人才是正道。不应该将希望全靠在朱婷身上，我们国家有很多优秀排球隊员，蔡教练应该着眼发掘培养比朱婷更优秀的主攻选手，让中国女排再登高峯,2023-08-30 00:33:02
,65764429542,奋发有为金桔Hy,朱婷加油，等你凯旋归来,2022-11-05 21:14:51
,2434974806,2434974806,朱婷加油！满血归来！,2022-11-05 18:21:01
,3879490111152221,林下之風語,王者总是披荆为袍斩棘为冠！,2022-11-05 23:17:23
,4314136032054892,泉水叮喝,朱婷队长必须趁力而为，不可強求。是否可在2Oo4岀现奇迹？[what][赞][玫瑰],2022-11-05 18:26:53
news_title,user_id,user_name,pl_content,pl_time
,1860008476421159,淡泊的山雀CJ,这就是郎平用美式金钱第一对中国女排的毒化！,2023-05-25 07:57:09
,2124670040017735,安逸芒果Rjl,朱婷的人品绝对没问题，关键是沟通能力和领导水平问题,2023-07-13 06:32:43
,2159069310485368,乐观的帆船a5,另一个原因是郎平在怂恿吧！怕蔡斌超过自已，卑鄙！,2023-05-24 17:04:08
,949594234820803,幽默的淡泊独行者,国家利益高于一切,2023-07-11 21:29:42
,54665188523,li平平安安,朱婷出名郎平培养有功，朱婷迟迟不归队郎平有因。,2023-05-25 22:55:44
,77505853047,非凡扑克Yh,没有朱婷中国照样进前四。有伤病还在国外打球争钱为什么？？？,2023-07-14 22:17:04
,92331370457,mangowj,别再提朱婷了，人格有志。功勋已是历史，天要下雨娘要嫁人，隨她去吧！,2023-07-11 13:51:06
,108175355150,欢快蜻蜓Fa,朱婷现在飘了,2023-06-03 23:53:33
,92841864454,珍惜许久,朱婷有伤，如果就在家里养伤，不到国外去打球，广大球迷都会理解她，事实证明一切。,2023-05-25 06:55:45
,4218191458083423,怪,那么在国外打的顺风倾水呢？？？？为国争光就有伤了，就不能打了吗，全国人民都心知肚明。！！！,2023-07-17 05:20:29
,87425258945,丑民1,应深入调查其因？,2023-05-25 11:43:01
,4257749527695150,一帘紫梦飘逸,国家利益谁来维护呢？如果中国发出警告看看那个国家敢用她呀！没有国家培养她还在农村种地呢哈哈[偷笑][偷笑],2023-07-12 23:45:41
,1552162245321048,有趣的柑桔vYv,国家队没有足够的钱不够！,2023-05-25 06:38:25
,5903168802,安德烈70879111,朱婷手腕可以去挣钱了，但是不能为国家争荣誉，完全没有错怪她,2023-05-25 00:48:24
,641744035917848,积极的西柚LA,借口她不想回归,2023-05-25 04:49:00
,110835857313,正直香瓜15,在外国打为别国争光。轮列为國争光啦。十月病啦。丢河南人的臉。,2023-05-25 07:59:34
,80754213470,聪慧钢琴W5,球迷没有错怪朱婷，朱婷的自我表现不值得继续留在中国女排国家队,2023-05-25 07:18:53
,54200220092,sanyanyilang,在祖国需要面前，任何逃避的“理由”都是苍白的，没有一点女排精神，一而再、再而三的找理由不归队，确在国外玩命挣钱，这是国家出大钱培养运动员的结果吗？？？,2023-05-25 08:16:44
,2066695230850734,旅行家亚历克斯3e,朱婷是国家培养的，你不是某个教练培养的，你应该回报国家,2023-05-25 15:00:20
,54940487815,坦荡的叶子5pm,大家信吗。,2023-05-25 08:34:46
,2282208140198989,www狗王,在国外能打国内不能打你说我不相听,2023-07-12 22:27:45
,1451834034627044,大气河流8S,中国这么的强大离了谁就不转了？后继人才多的是，希望女排一定能走出低端期，胜利一定会来的，加油。,2023-05-25 07:45:53
,3085524101,大气原野u4P,在国外挣钱卖力地打球。该为祖国效力时就有伤病？完全是借口。,2023-05-25 06:29:49
,58880663922,严再平,噜噜嗦嗦,2023-05-24 14:50:49
,67368212559,运筹帷幄旭日lw,你说的不对，什么错怪朱婷，在国外打球风声水起，回国就不行了。钱在做怪，还是有意不回归，闹不团结？,2023-05-25 13:38:42
,105144818638,涞坑,路遥知马力，日久见人心！朱婷己背叛女排！,2023-07-10 14:21:25
,96577200254,开朗海洋3E1,作为国家体制内的职业球员，以伤为理由，太 苍白！在国外能打？不解？,2023-05-25 09:38:58
,6002906162,老赵75220646,朱婷因身体原因不能参加国家队的训练和比赛但可以在意甲联赛去捞金！养兵千日，用兵一时！朱婷的行为有愧于祖国！,2023-07-16 23:14:54
,1447408071620607,乖巧晚风xk,一句话，没有朱婷地球照样转。,2023-07-15 14:37:54
,2352580267870391,博学的阳光mY,在外国打手就好了，在中国打手就不行了吗？[发怒][发怒][发怒][发怒][发怒][发怒][发怒][发怒][发怒][发怒][发怒][发怒][发怒][发怒][发怒][发怒][发怒][发怒][发怒][发怒][发怒][发怒][发怒][发怒][发怒][发怒][发怒][发怒][发怒][发怒],2023-07-11 12:46:05
,3087022700899006,快乐叶子tN,那就是说在国外手腕没问题回来手腕就有问题是不是？,2023-05-24 20:50:07
,1552162245321048,有趣的柑桔vYv,人品问题！你这一说我也明白啦，没有错怪她！！！！,2023-05-25 06:42:53
,95930047859,宏宇5896,在国外龙挺虎跃，比赛很激烈，回国为国增光就不行了，真的假的？,2023-05-25 13:25:01
,3594844571,555682,朱婷要是想为国争光，蔡斌不是理由。,2023-07-09 12:37:29
,110835857313,正直香瓜15,不培國女隊长，丢河南人的臉，有钱啦。甩尾巴啦。不要走錯路。对那搞派性阴谋的人有力打击。现在球员们争口气。打出成绩让國人为你们祝贺？？？？？？？？？？？,2023-05-25 08:08:02
,57572415951,逆境飞象过河,手腕伤只是表面的借口吧？真正的隐情我们不得而知，那张常宁呢？姚笛又是什么原因？,2023-05-24 16:59:39
,4025409341406,活泼麻酱Kz,在外国打球病就好了，？？？,2023-07-11 18:28:56
,3918284120658503,用户4478330832211,郎平和朱停商量好的，我不当教练你就不回国家队,2023-05-27 05:44:01
,110445193516,幸运梦想家cG,出国争钱打球没有事，回国打球就不行。蔡斌太高估了两位前优秀国排女队员，球衣一直留着，荣耀有什么用不如钱来得实慧。一个在国内争钱，一个出国打球挣钱。到国家打球就不行了，。,2023-05-25 08:20:18
,386662628859132,韦俭清,没有错怪朱婷外国人的錢必需拚命才能争到，这有利于她康复吗？,2023-05-24 19:03:43
,7008953569,安逸耄耋者,人是可以变的，朱婷的今昔态度不可同日而语，昔日的辉煌不能说明今天的高尚。,2023-05-26 09:12:18
,2075534318383981,xiu,一点也不错乖,2023-05-24 21:45:41
,2422978310048253,直率高山N5,国外俱乐部队的打球强度不高吗?你怎么没说不能参加俱乐部队的联赛呢，,2023-07-14 11:52:16
,53258288420,欧阳雄生,张常宁又为什么不回归呢,2023-07-05 21:50:32
,3743508461,唐朝梦想,挣钱更重要，！,2023-05-25 08:24:42
,80754213470,聪慧钢琴W5,全民要懂得朱婷是国家培养的，而不是郎平培养的，因此朱婷要报效和效忠的是国家，而不是郎平，是听从国家队召唤，而不是配合郎平捨聪明。,2023-05-25 07:23:11
,4300900982341520,完美海浪Xk,没有错怪朱婷再不回来就要开除她。,2023-07-11 22:26:28
,105968074768,梦幻云朵qQ,朱亭是你朋友吗？她亲口告诉你的吗？在国外打球没伤，回来就伤病一身？,2023-05-24 22:29:32
,3715988695035347,博学图们8l2,朱婷借故有伤病？哪在斯坎打的风声水起？？？就是不愿意帮中国女排争光？？若郎平当教练朱婷决对回归女排！！！,2023-05-24 15:15:09
,101017393006,相忘于江湖l,即使受伤了朱婷实力也要远远高于国内攻手以及很多知名的国外攻手,2023-01-04 07:44:00
,93333077503,敏锐船帆M,比李要强几个档次,2023-01-04 07:36:51
,52824142170,四零后活在当下,毫无悬念，朱婷伤一旦治好实力肯定强于吴梦洁和王云路，根本不在一个级别上。,2023-01-04 00:05:22
,4402091264841659,乖巧暖阳qY,朱李配早就有答案了，世俱杯倒冠，东奥第九。,2023-01-04 08:45:21
,98579764349,亲婆,转发了,2023-08-22 22:07:33
,2450170405723614,用户5241085909660,是,2022-07-30 21:47:39
,4573353873,海阔天空44281479,朱婷好样的。[赞][赞][赞],2022-07-31 07:57:18
,17182366045,快乐高山Xz,朱婷不代表中国队去比赛而出国打球，很不理解也很无奈。,2022-07-27 10:00:59
,3258598860787244,上进的枫叶T7,朱婷好样的！,2022-07-26 18:44:40
,63445435332,陈思银3,支持朱婷！[赞][赞][赞][赞],2022-07-26 19:01:10
,5886864105,方园486,以前看到朱婷助力家乡建设的消息，就知道朱婷是一位知恩图报的好姑娘。期待着朱婷养好伤之后，为祖国作出更大贡献。,2022-07-27 02:05:47
,52623251462,南山南123,牛啊，婷姐,2022-07-27 11:09:43
,106865363588,铁观音老秦,朱婷中国女排的代表，是最好的球员。,2022-07-27 14:43:56
,888040717039613,岁月如歌61847,重要的是身体，一定要彻底康复,2022-07-27 11:49:48
,2683225248916311,灿烂圆月fT,要是朱婷在新女排带队一年。完成新老交递再去赚钱，我们球迷心里好受一些。,2022-07-27 12:05:47
,5486855534,尚者3r9f,一个伟大的球星人物！非常了不起。,2022-07-26 17:30:48
,55625399191,依依150876543,支持朱婷，朱婷早日康复，一起加油！,2022-07-27 10:36:35
,109279733895,留在三湘,养足精神好赚外币！,2022-07-26 20:19:26
,4688466312,怪才47006536,朱婷好样的！,2022-07-27 07:23:32
,2432546686378748,平安是福平安是福,一个伟大的球星人物！非常了不起。[赞][赞][赞],2022-07-26 19:37:49
,14427163571,剑午,心胸开科放眼量祖国正在上昇时期，我们都为增矸添瓦。,2023-06-10 17:04:33
,6224867864,过眼烟云2345,朱婷可以申请意大利国际,2022-07-27 18:45:11
,4477689822190590,轻松山楂9w3,陈忠和执教很光彩。不知怎的把人弄没了？从此女排并没大出彩。？？？？？？,2022-07-27 13:38:10
,62354233946,昕昕向荣395,转发了,2022-07-26 19:39:00
,50307264557,我爱我家126805251,失望,2023-05-24 13:34:43
,71544930272,一往无前小红花p9,都是借口 郎平指教你们在看看 大婷回归不,2023-05-24 17:35:02
,51572581418,酒满情,就喜欢看李盈莹，身材越来越漂亮真好看。,2023-05-24 20:21:08
,104945831376,幽默风声p6,人各有志，高薪国外打球不痛，一提回国就痛，既然病情这么严重，排菅中心不必费心思，干脆利落清除回家慢慢养十年，才回队打球，期盼，,2023-05-24 22:07:48
,72561081726,谁胡说八道造谣我就骂,我最喜欢姚笛，她两个在一起好好练练配合，配合的关键就是二传，和别的队员配合都是次要的,2019-10-18 06:30:07
,5926589193,谦和71751431,姚迪好看,2019-10-18 02:15:18
,6306048741,oldbaby210,这个赛季姚迪是队长了吧？,2019-10-18 08:54:43
,59371547719,乘风破浪的微风Cym,最后一句暖心了，真是诚心诚意的邀请,2019-10-18 08:40:46
,1657698098358600,浅醉的中年6,"为什么五号球衣，为什么不穿2号球衣,还是国家队的2号有像征性好",2019-10-18 05:43:53
news_title,user_id,user_name,pl_content,pl_time
news_title,user_id,user_name,pl_content,pl_time
news_title,user_id,user_name,pl_content,pl_time
news_title,user_id,user_name,pl_content,pl_time
news_title,user_id,user_name,pl_content,pl_time
news_title,user_id,user_name,pl_content,pl_time
news_title,user_id,user_name,pl_content,pl_time
news_title,user_id,user_name,pl_content,pl_time
,4468867493536557,不喝咖啡的星爸爸,按照蔡斌指导一套阵容打天下的思维，朱婷即使没有手腕的伤也会废掉，朱婷就是伤就是因为过度被依赖、被使用导致的，太可惜了,2022-12-07 21:57:34
,91686804363,乐观的百香果T,别望了，科内的哈克没上，赢了也不算真实力,2022-12-07 06:10:25
,52453986032,正能量满格0,朱婷为中国女排立功无数，地域喷子放过她了吗？,2022-12-07 19:10:12
,3900676595791180,FU雨中听曲,中国队没有强力接应、副攻太差、二传也不顺手,2022-12-10 08:32:39
,1591733557926915,勇往直前的云朵MR,对这个拽子不感兴趣。,2022-12-09 11:35:40
,2480917315323933,坦荡的葡萄3Y6,欢迎朱婷回归国家队，为祖国争光。,2022-12-07 16:40:05
,58148922148,手机用户58148922148,希望朱婷越来越好，加油！[赞][赞][赞],2022-12-07 07:30:52
,108671288800,洒脱白云zl,朱婷你該回國扛大梁了扛起主教練的大旗發揚你師付的精神,2022-12-07 02:44:20
,2726440866420599,用户4074602060829,祝福朱婷早日康复，效力中国女排！[赞][赞][赞][赞],2022-12-07 10:42:45
,100071346076,友竹居居士,朱婷打得好不好，得看二传。刁世锦赛已达上限。没有更好的二传，天朝不可能进四强。,2022-12-08 09:00:29
,100691469104,自在and欢喜,副攻是中国队最差的环节。原来颜妮的拦防是世界级的，如今国内那几个副攻要拦网没拦网，要快球进攻没进攻。即便朱婷，宝宝，李盈莹都参加巴黎奥运，也只能争一下奖牌了。金牌是几乎无望的。,2022-12-08 19:45:10
,98286768292,Hello_Alan862,朱婷回归后 我才有兴趣看女排的比赛[捂脸],2022-12-08 09:28:24
,58973285757,Sunshine158157319,莫让浮云遮望眼，顺逆如一,2022-12-09 14:50:28
,104589324895,GoBetter,科内主力未上场,2022-12-08 12:22:23
,52713109727,高级山丘unf,没有朱婷难！,2022-12-09 14:09:44
,106838532595,上进清闲的海洋De,斯坎迪奇主教练有眼光，慧眼识英雄，,2022-12-07 18:47:59
,1481795798831950,随性自由的钢琴C9,世锦赛看了王艺竹顶替龚翔宇打接应的那场比赛。王艺竹身材匀称，进攻防守拦网动作非常协调。有大将之风。应该是可塑之才。,2022-12-09 08:35:22
,4547222782,阅山听溪民宿,持续观察，相信郎导的眼光，相信朱婷的实力和经验，毕竟目前来看，朱婷还是女排球员中相对最优秀的。,2022-12-07 11:19:37
,3153053804140312,用户1061194635606,朱婷在意甲渐入佳境，对中国女排至关重要。,2022-12-07 21:39:45
,830855899528024,马乔的尘封往事,手腕老伤，很难彻底回复,2022-12-07 11:42:10
,106524443540,诗意梦想2e,"一个重要的问题在于朱婷要彻底养好伤!!朱婷在,中国女排可进四强!朱张同归中国女排可夺冠!!李盈莹目前无法与朱张同比!！",2022-12-08 17:38:59
,3104620536143774,爱家五常9w,。说的真好，切合实际 ，有朱婷的中国女排和缺少朱婷的中国女排是不一样的。希望朱婷保持身体健康，越来越好。,2022-12-07 09:12:42
,6681001971,理喻104706261,马赞蝇莹了,2022-12-07 12:06:31
,2397404467574936,部掌,哈哈😃，要是有一天发挥失常又遭骂惨,2022-12-10 07:58:41
,6765949686,深秋的黎明111743001,"""副攻位置球员的拦网问题非常大"",这点我非常认同,特别是移动拦网跟欧洲强队根本比不了.",2022-12-07 15:20:52
,61819300986,临水羊,今年的新主攻，最看好陈博雅，身体条件不错，有头脑，反应快能拦网，一传也稳，她若和吴梦洁若这两年能顶上，至少取代王金没有问题，巴黎可与朱婷打对角，李盈莹这么好的高左手，应该改打接应！与龚翔宇形成两种风格。国内强边攻太少，练不出好副攻。只能说张世绮不错，也能拦深圳。上海陈厚羽今年很冒尖。江苏的两个小副攻身体条件太好了，还有山东的王文涵，赛与训不抓好就可惜了。二传至今没有拔尖的，只能说许晓婷稳定一些。,2022-12-09 08:15:30
,1821212280619245,峰之乐,不太乐观,2022-12-07 08:32:55
,102081070658,热情溪水Lu,朱婷加油，保护自己你是中国女排带领者[赞][赞][赞],2022-12-08 16:10:54
,2115089759218748,浪里个浪,看到朱婷在中国球队中，我的心也十分踏实，我只是个普通球迷。我有点害怕塞尔维亚波斯科维奇，意大利艾格奴，怕我们中国女排整不过她们国家队。[钱][钱],2022-12-07 11:56:41
,4229108254,逆风36040963,岁数到了 接受现实 亚洲女子排球巅峰在22到26,2022-12-08 08:09:34
,108110232996,千福巷,朱婷的排球生涯、不是在国外表现如何来决定国家女排的取与否、而是由国内的表现来决定，难国内没有鉴别的能力吗？這种依靠外国的思想好吗？,2022-12-08 18:14:06
,844020441948063,追梦7555,朱婷在厉害没用，主教练差，夺难,2022-12-07 11:01:17
,3272562399257419,乖巧天空GK,李盈莹还年轻？从表现来看就是个最核心的球员。当然满血状态的朱婷回归最好，双剑合一，中国女排的战斗力更强。,2022-12-11 15:20:45
,81803279749,小灰灰,朗导回来才有希望争金夺银,2022-12-08 22:02:12
,101439593289,灿烂蜻蜓Fj,赞朱婷👍👍👍,2022-12-09 12:30:06
,103552525018,无风无雨花自飞,其实中国女排最大的短板是二传,2022-12-08 20:09:56
,101716459756,潇洒蛋糕P3,朱婷确实是很优秀堪大用，但她也不可能永远年轻呀，必须要有一茬一茬的接班人…,2022-12-07 21:49:59
,53520993830,文墨静好,朱婷好样的！！,2022-12-12 11:38:26
,3109013833130087,淡泊观澜,王还是算了吧，,2022-12-07 09:03:29
,3183788199256552,心存善念天地渐宽,相信朱婷一定会王者归来，她只是受伤病困扰，等到伤喻，还是国家队最强大腿,2022-12-12 21:08:35
,5461615536,豫您有约,近期看朱婷状态很好 只剩手部发力要注意保养！,2022-12-11 07:52:45
,55625399191,依依150876543,确实是！朱婷加油！,2022-12-13 07:14:23
,76848256382,飞翔的南极铜,张常宁啥时候回归呀,2022-12-10 19:49:28
,95535174480,三德侃球,转发了,2022-12-07 06:21:46
,549376584584484,太极王子,转发了,2022-12-07 12:50:07
,107939301747,亲切水滴DIq,国际朱，世界女排历史最佳主攻手之一,2022-12-07 23:50:42
,95854280772,飞阿爸,郎平纵横排坛数十年，阅人无数，慧眼如炬，岂是津迷能懂的。,2022-12-07 19:31:23
,89985737417,执着的钢笔Mi,[耶][耶][祈祷][祈祷][祈祷][赞][赞][赞][喝彩],2022-12-07 12:16:42
news_title,user_id,user_name,pl_content,pl_time
,108313455627,坦荡的钢琴8i4,转发了,2023-08-30 13:06:07
,3210167817863736,缤纷漂流瓶Wu,转发了,2023-08-22 16:35:24
,62796865219,茶余饭后说名人,转发了,2023-09-05 06:27:52
,3341935602,心随婷行,朱宝生日快乐🎂，健康快乐打球。,2022-11-29 15:21:33
,100853935414,德才兼备云朵3tD,朱婷生日快乐[蛋糕][蛋糕][蛋糕][蛋糕][蛋糕][蛋糕]健健康康快快乐乐每一天,2022-11-29 12:27:49
,101791059067,愉悦的生活家EH,生日快乐,2022-11-29 11:58:35
,59132506441,热心灯芯草,我是来看评论的，如果婷队没受伤病影响，东奥不会如此，今天生日也不会这样，世态炎凉！,2022-11-29 13:28:40
,149952589474391,用户1507467629837,朱婷生日快乐[玫瑰][玫瑰],2022-11-29 21:10:31
news_title,user_id,user_name,pl_content,pl_time
,6973633249,自在可乐6,几个月恢复出来打球，是坚强意志+痛苦段练出来的，因为我做了同样部位手术（国内医院）现在手都方便不了！,2022-11-05 18:53:40
,54780202017,光明正义ajV,还是非常坚强！唯一的一个为排球而生的人——朱婷！,2022-11-05 20:13:08
,104177379301,游戏小淋,还是完全恢复在上场吧！耐心等待……,2022-11-06 10:34:51
,6823834376,不要被我的发型所迷惑,希望婷队在意大利健康快乐,2022-11-05 17:51:18
,63243739570,彬彬有礼617,充分说明朱婷所在俱乐部主教练在用人方面高出中国教练很多很多[赞][赞][赞],2022-11-05 19:42:55
,110833867570,聪明的葡萄RX2,朱婷，你已为国家和团队争得了太多荣益，向你致敬！伤疼要养好再出来打球。否则国人会心痛你的。天佑排球女将朱婷！,2022-11-06 07:03:37
,6040703617,野渡无人77037396,心疼[流泪],2022-11-05 19:19:26
,64300001007,澄宝爱体育,[赞][赞][赞],2022-11-06 07:47:15
,52824142170,四零后活在当下,希望天佑朱婷伤势完全痊愈，早日配上中国女排的战袍为国效力争光。,2022-11-06 01:21:11
,103263757255,高冷旭日hd,还会打断，经不住高强度比赛[害羞],2022-12-09 21:11:03
,98428560650,盛夏贝梦,做好保护和防护,2022-11-05 19:22:52
,1582921376597959,德才兼备橘子zH,希望朱婷不要着急，手腕恢复更重要！,2022-11-05 18:21:18
,3844319737814868,好学天空lU,心疼[流泪],2022-11-06 10:13:29
,93374731268,岁月静好空,[赞][赞][赞],2022-11-06 14:41:25
,3153053804140312,用户1061194635606,不能急，慢慢来，期待朱婷重振雄风。,2022-11-06 10:27:23
,75785744482,手机用户75785744482,祝婷队生日快乐！👑🎂🎁,2019-11-29 22:43:41
,58616766192,尔東樂聲,这孩子真好,2019-11-29 22:50:50
,55364057640,上进的钢笔Mz,这样不见得是什么好事，三年之后运动技能下滑了怎么办？还这样过生日吗？我们国家非常优秀的运动员很多，还是低调点好。,2019-11-30 08:40:29
,111235755302,奋发有为风声cd,大太的坏,2019-11-30 06:45:32
,74426458796,博学多才的铅笔QY,不回归背后有高人指点,2023-06-15 07:54:08
,11822400070,张木匠15,朱婷应该好好养伤恢复健康。不要在国外还在打球，这样何时才能夠恢复？,2023-06-14 21:53:50
,2656019225783224,智者芒果1,朱停是实上是为了逃避中国女排输球的现实！等中国女排完全强大了自然就回来了！,2023-06-14 16:08:54
,3690388612711463,喜阳阳,朱女婷为女排立功对祖国有供献人应正确对待她，.耐心等待,2023-06-14 19:48:48
,3421272956999646,正大光明海风TC,真相就是不回归！在意大利比赛难道手腕不疼，回国就有伤痛了？别忽悠了！,2023-06-15 13:48:46
,76183131036,赵云群1,说的非常对，,2023-06-15 09:10:43
,106156694235,用户9429104603494,即然有伤不能回归中国女排，那为什么在国外还在打球？还能打球？并成为核心？,2023-06-15 07:50:58
,2198642820911747,一往无前大庆,还是别回来了，蔡斌不需要球星，蔡斌靠是集体的力量取胜,2023-06-14 19:27:59
,101475417899,老尹不才,这些都是表面的问题，国内没那么高的薪水，谁不想多捞点。明眼人都知道，,2023-06-14 17:47:40
,102850647980,正能量春风09e,主播你好，是朱婷和你直说吧？,2023-07-10 12:09:53
,264300009105806,奋发饼干n,为啥在国外有使不完劲！,2023-06-14 15:19:31
,4490045739514692,憨厚实在人,只要齐心协力，少了谁都不影响中国女排进步！,2023-06-14 19:54:34
,4205005331508299,自若沙滩7l,中国排球大有人在,2023-06-15 06:18:01
,2466954575353159,爱生活的帆船8j4,朱婷你以为你自己是女排的定海神针？而如今的你是一个女排队伍中的普通队员？,2023-06-14 17:56:15
,110518985812,热心火车OL,朱婷能出国打球。为何不能回国代表中国队参加国际比赛。希望领导不要为她开脱了。,2023-06-14 17:58:04
,110826088157,朴实星星x5,主播说的对[赞][赞][赞],2023-06-14 16:53:39
,1939158907235207,用户7998594614628,[耶],2023-06-14 23:02:05
,74426458796,博学多才的铅笔QY,看行动,2023-06-15 07:52:35
,96756477453,德才兼备湖泊IP,转发了,2023-06-20 07:33:24
,1322058328584319,神秘露珠2iz,开除朱婷,2023-07-04 01:05:28
,70719684998,Sgmm,最好别回来,2023-06-14 18:55:21
,2273438938176283,外向辰星xn,身体不允许，可以在外边打球，小兵在为朱婷歌功颂德,2023-06-15 13:33:50
news_title,user_id,user_name,pl_content,pl_time
,72561081726,谁胡说八道造谣我就骂,我最喜欢姚笛，她两个在一起好好练练配合，配合的关键就是二传，和别的队员配合都是次要的,2019-10-18 06:30:07
,5926589193,谦和71751431,姚迪好看,2019-10-18 02:15:18
,6306048741,oldbaby210,这个赛季姚迪是队长了吧？,2019-10-18 08:54:43
,59371547719,乘风破浪的微风Cym,最后一句暖心了，真是诚心诚意的邀请,2019-10-18 08:40:46
,1657698098358600,浅醉的中年6,"为什么五号球衣，为什么不穿2号球衣,还是国家队的2号有像征性好",2019-10-18 05:43:53
,68651971020,王大可215438879,已经没有比珠峰更高的山了，登顶后一步步开始往下走，只希望下慢点再下慢点……,2022-11-28 18:10:06
,102083763166,用户5761134033807,李盈莹巅峰期打意大利还没有这么高的成功率呢[捂脸]，休战一年，恢复本来就是一个漫长的过程，能不能回巅峰，至少等这个赛季结束的时候再下定论,2022-11-28 17:42:06
,3341935602,心随婷行,相信朱婷，重回巅峰[赞][赞][赞],2022-11-29 21:18:54
,3712372164847488,一生好人697,还能回巅峰，除飞返老还童,2022-11-28 19:27:01
,3420828029,MrBrownr,回不去了，培养新人才是王道。,2022-11-28 17:31:27
,2612040823480717,用户2612040823480717,顺其自然吧,2022-11-28 22:07:05
,3332775316,旭日征途,从巅峰回归平常，遵从自然规律,2022-11-29 03:37:39
,108110232996,千福巷,朱婷在、意甲联赛中的表现耐人寻味，在意甲女排的队中的必要性可能会大打折扣。,2022-11-29 11:36:50
,50756048224,lucous886,确实回不去了！,2022-11-28 20:52:48
,56195664536,格纳Travis,其他教练都没有陈导和朗导的魄力，当时他们力排众议，坚决培养新人！王丽娜、冯坤、张萍、刘亚男、魏秋月、王一梅、徐云丽；朱婷、张常宁、袁心玥、杨方旭、龚翔宇，都是当时很多人不大认识就提拔到一队，给她们参加三大赛的机会！离巴黎奥运不到两年的时间，哪怕巴黎奥运没有好成绩，也要培养新人！,2022-11-28 22:52:24
,6245158674,三克油413,亚洲人种本来就与欧美不一样，一旦从巅峰下来，再上去就非常难了，年龄、伤病……影响的因素不少，毕竟朱婷的年龄也逐渐偏大了，也有28岁了。,2022-11-29 01:53:19
,108110232996,千福巷,一个集体的比赛项目、不能把取得的成绩全部记在个人的帐户上，什么有了朱婷就有了一切、失去朱婷就会失去一切的思想做祟终究会跌跤的。,2022-11-29 12:21:35
,95535174480,三德侃球,转发了,2022-11-28 16:59:53
,580972810863016,幸运星球0w,2023年9月才回归中国女排。,2023-02-01 16:41:04
,108116031321,洒脱面条kn,钱重要,2023-02-02 13:03:12
,118348141561863,清新鲸鱼dU,教练太差,2023-02-02 10:33:39
,5704500718,热血青年阿勒泰3H4,什么时候男足也给我这感动，我都四十了，,2019-06-05 16:47:13
,107871466386,忠哥说美食,"这就是我们的女排！这就是我们的女排精神！
足球什么时候能如此呢？还是解散了吧！",2019-06-06 10:31:26
,5496121825,中国最美19,确实酷炫狂霸拽！[赞][赞][赞][赞][玫瑰][玫瑰][玫瑰][玫瑰][玫瑰][玫瑰][玫瑰][玫瑰],2019-06-05 20:36:44
,56962211399,晴空150488451,说什么都多余，朱婷好样的，中国队好样的,2019-06-06 22:19:20
,92744412216,万事如意12096,我现在不想说的是朱婷的实力，就想说当时有没有摄像头，放一放慢镜头，看看丁霞究竟触网没有？,2019-06-05 23:19:31
,53372206292,F141885866,中国人，就是这种骨气！,2019-06-06 00:00:08
,4391121937,超哥39887191,男足懦懦的说……,2019-06-05 21:53:58
,86192362697,狂奔的蜗牛,我就想知道她的手抬起来使劲打一下我的头，我还能不能自己把头安上,2019-06-05 18:50:23
,110992621143,德军,不能指望股市和足球，只有女排！！！[赞][赞][赞],2019-06-05 19:59:51
,6151034370,猫熊张,朱婷我们河南人都爱你❤！,2019-06-05 21:20:33
,6335514627,SuetyinMa,今晚中国队对荷兰队，8点半开战，我会在现场为中国队加油!,2019-06-05 19:34:37
,5732398800,骑马找驴拉磨,看看人家女排，男足还能不能雄起[酷拽],2019-06-06 06:52:39
,57365135250,坦荡的星辰Mh,国足看看，就要像朱婷这样霸气，把分拿回来，感谢朱婷为中国排球奉献精神，忘我精神，心中只有国家！致敬女排！,2019-06-06 09:10:21
,3680647692,快乐依21626476,为女排点赞，为朱婷点赞，一句“拿回来”激荡着多少中国人的心，这样的场面让我为男足惭愧，我们男足什么时候就算输也能输出气势，也能让我们心里有点安慰。,2019-06-06 11:08:26
,3489349541,XHxyd,为什么说女排威武霸气的时候，总有人拿男足来比较呢？那是一个档次的？男足只能说拿去吧！,2019-06-05 20:07:18
,5501920998,璇然璇然,我大婷威武霸气,2019-06-05 19:17:14
,4135513276,飞云浪子,女排太张扬了[鼓掌]，男足都是“隐藏实力”[吐血],2019-06-05 20:27:47
,53900106027,不愿孤独0816,男足就缺这三字：拿回来！,2019-06-05 19:35:35
,53227088877,刘伟liu,这就是实力中国女排，女排威武霸气，向女排致敬！男足能有女排一半的拼劲何愁不胜！为朱婷霸气点赞！,2019-06-06 00:10:58
,4173382977593038,不凡山雀kPK,朱婷威武[赞]中国女排当之无愧的骄傲,2019-06-05 20:36:29
,2537295001429964,黄鹤平安,这句话，喊出了中华民族气魄，,2019-06-05 19:18:21
,3160620786,晒太阳的石头7581316,多么希望有生之年能看到国足也能这么霸气呀，我都接近五十岁了，看足球⚽️都没有眼泪了，心都死透透的了[笑哭][抓狂],2019-06-05 21:08:56
,61232519679,涛声依旧170697423,对意大利巴西说说试试[捂脸],2019-06-05 17:48:54
,67111094523,冰红茶的味道2,女排牛逼🐮，什么时候我能听到男足说朱婷这句话呢？,2019-06-06 06:13:07
,4482797770,LJ4210069369,日本见一次，杀一次，朗平好样的，朱婷好样的，女排为你们骄傲,2019-06-05 19:35:57
,95273722951,余则成969,女排永远是中国的骄傲，男足永远是中国的软肋,2019-06-06 08:48:16
,97218054716,用户3452443155505,勇敢坚强有毅力关键时刻力挽狂澜，这才是朱婷，这才是大将风范定海神针。朱婷好样的！,2019-06-06 10:02:29
,5882954263,天晴了70156193,不求你们次次第一，就冲着这股拼劲儿我次次看的热血沸腾啊😄,2019-06-05 18:06:49
,5885563299,墨香旖旎,为朱婷点赞，一句“拿回来”激荡着多少中国人的心，这样的场面让我为男足惭愧，我们男足什么时候就算输也能输出气势，也能让我们心里有点安慰。,2019-06-06 11:00:44
,106625860709,没事偷着乐4580,男足队员大声说，拿回来，把钱都拿回来！,2019-06-05 21:01:04
,6247876069,顽强糯米jJ,拿回来不单一是比分，还有我们中国人威严和霸气，朱婷为你一句拿回，为你致敬为你点赞。,2019-06-06 10:14:43
,4186844256,弥雅1314,暴力重扣，拿回来，国家荣誉，女排精神，中国女排棒棒哒！,2019-06-06 08:04:16
,108733550393,吉祥,朱婷“拿回来”里面充满了自信，充满了霸气！好像看到了当年郎平的身影！祝贺女排取得了胜利[赞]也祝贺女排精神继续发扬光大！我们永远支持中国女排不管是成功还是挫折！！[赞][赞][赞][玫瑰][玫瑰][玫瑰],2019-06-05 17:59:45
,6105701145,一帆凡客,名师出高徒,2019-06-05 22:41:28
,59201765556,血刃2022,泪目，为女排点赞。解散男足，消灭足协。,2019-06-05 20:16:56
,52635926869,汉之后裔,朱婷，好样的！你身上充满了当女排精神！为你点赞！,2019-06-06 10:01:32
,62272821791,顺7t1t,向女排致敬！男足能有女排一半的拼劲何愁不胜。,2019-06-05 18:49:41
,69701631669,诺言成真1,女排让人心血澎湃，看着霸气，心里舒坦。男足看了让人心灰意冷，看着窝心，心里堵得慌。,2019-06-05 19:54:09
,67342878273,才高八斗辰星KY,霸气！朱婷！,2019-06-06 11:29:41
,74064636754,Indirect755,看的心潮澎湃，为女排点赞！,2019-06-05 19:48:24
,12057430994,再不疯狂就老了,朱婷！中国的骄傲！河南的骄傲！！！,2019-06-05 18:15:28
,58960528596,021云淡风轻,朱婷跳起重扣。日本队员一脸的绝望[笑哭],2019-06-05 20:21:47
,59061516466,一支常青藤,女排这么给力，不禁让我想起了国足,2019-06-06 08:41:19
,78986090685,独逍遥a,霸气朱婷！血性朱婷！,2019-06-05 19:12:47
,5990175145,小乖2088,朱婷！中国女排！王霜！中国女足！好样的！大赞！,2019-06-06 01:26:10
,57353641948,刘在成8877,不是误判，而是偏袒，它影响的仅仅是一分，而左右不了大局。面对裁判的不公，女排姑娘们以实力回敬，给女排点赞，给郎导点赞！！,2019-06-06 09:48:20
,6510040180,思州乐山翁,为中国女排点赞，为朱婷霸气点赞！,2019-06-05 22:13:56
,70626481935,快乐星辰kd,以后女排比赛，男足必须集体观看。,2019-06-06 08:05:39
,4933501268,老侯大爷,这就是实力。中国女排[赞]朱婷[赞],2019-06-05 14:43:14
,6848568097,一盏明灯一分明,为中国大妞点赞！从黑白屏看到液晶屏，从来没有让人失望，她们体现的不光是拼搏精神，更是莲花一般纯洁。希望中国大妞能唤醒中国男人！,2019-06-06 13:15:37
,3378116212829629,很好哦,又不是为中国比赛，没意思！,2022-12-21 18:11:54
,57303156724,三园颐和,可以去意大利风生水起，就是不愿参加中国国家女排。,2022-12-21 20:36:02
,109593708667,黑猫63328,大婷永远是大婷！这个国际范总是精彩四溢！衷心祝福朱婷再接再厉，勇往直前！[赞][赞][赞][赞][赞][赞],2022-12-21 15:47:39
,52446665773,岭上果蔬,[鼓掌][鼓掌][鼓掌][鼓掌][鼓掌][鼓掌],2022-12-21 18:53:27
,6950090389,秋寒幽梦,为金钱打球，或是为自己打球我永远看不起她。不为国家而战才是人民尊敬！,2022-12-21 21:17:26
,55798284491,怵怵6,球迷想念大婷,2022-12-21 17:59:46
,962816063051102,积极的努力的人,祝贺你朱婷[赞][赞][赞],2022-12-21 22:24:54
,5378134124,归向大海5378134124,难怪女排世界大赛成绩下滑[捂脸][捂脸][捂脸],2022-12-21 17:48:02
,69465597960,青春年少放声大笑,恭喜朱婷[赞],2022-12-21 15:02:14
,62041617085,智者帆船a6,牛🐮,2022-12-21 18:04:17
,3192582001927549,勇敢的清风ON,朱婷好样的，为中国女排联赛取得很多成绩！[祈祷][祈祷][祈祷][赞][赞][赞],2022-12-21 21:45:57
,50381069870,海纳百川Aayk,祝贺朱婷！中意排球文化交流的大使！,2022-12-21 17:33:27
,102081070658,热情溪水Lu,恭喜朱婷继续努力加油！,2022-12-21 20:42:12
,98200528756,周先生54821,祝贺！,2022-12-21 21:43:39
,51269670192,波波145252823,我的婷[赞][赞],2022-12-21 19:56:23
,105186274928,liuj1an,上次我看了一篇报道，是中国驻意大利理事会发给朱婷的。,2022-12-21 21:27:23
,89985737417,执着的钢笔Mi,[爱慕][爱慕][爱慕][祈祷][祈祷][祈祷][赞][赞][赞],2022-12-21 21:36:27
,1903977887970221,用户1973566912910,朱婷好样的[赞],2022-12-21 22:17:04
,109403717818,大者若水,恭喜朱婷👍👍👍👍👍👍,2022-12-21 22:11:48
,108110232996,千福巷,朱婷的出路是在国内，选择国外哪个俱乐部都是选错了路、事实会证明這一点，国外的一切努力，都是往弗心机。,2022-12-25 21:28:21
,2519735018195911,直率饺子rK,转发了,2022-12-22 14:07:38
,97728237743,分秒必争百灵鸟Gt,朱婷为什么近日才说伤情（郎平早说是郎平说）？除此之外，东奥失利队长责任是啥？难道报案告球迷就是队长责任吗？,2021-08-25 23:23:56
,108364853626,以恶制恶以善报善,朱队能不能透露一下官司的进展情况？,2021-08-25 16:37:55
,52934140697,FENG昆,首场比赛感觉不行就应该自己别硬撑下去，这样既影响自己的身体又影响了全队的成绩。,2021-08-25 17:15:37
,2510903784254860,自若精灵UR,根本无法原谅，怎么解释也不行，有伤你就和教练讲清楚，不上场，其他队员会顶上，我们也不会输得那么离谱，好吗,2021-08-25 17:29:33
,61825140798,bbcabc,期待大婷王者归来,2021-08-25 16:01:17
,413016828945751,爱生活的缓步徐行,不用朱婷，上李盈盈，进前八没问题。确实要好好找原因。,2021-08-25 16:05:06
,22788470644,西楚张,不能评价，会被锁定[捂脸],2021-08-25 13:37:36
,5368989681,秋之恋52188808,还是太依赖朱婷了，朱婷一不下球，全对都慌了，没有人会打球了,2021-08-25 16:08:58
,51148396942,正义凛然沙滩cG,朱婷何时做手术不是朱婷能决定的。,2021-08-25 15:38:51
,2875962292708606,奋发有为花猫kW,不管多大牌，隐藏伤情对吗？,2021-08-25 18:51:22
,3691270168,淡然YG,之前的世联赛打得不是好好吗？虽然我不想吐槽，但我过不了这坎😂😂😂,2021-08-25 16:13:28
,5780948960,小旭的日常,俄罗斯第4局赢那么多的情况下，最后输了比赛简直是见了鬼，你扣不了球，你有一传也行啊，有拦网也行啊。,2021-08-25 18:13:46
,52697407095,许国芬743,郎平要负责任的，第一场球一输，输的这么惨，应立即换人！太不果断了！,2021-08-25 17:17:17
,1275029723030520,小船飘飘H3,朱婷要从两年多来谈起，在天津两年联赛的表现，就不如人意。当时伤病如何,2021-08-25 17:09:27
,66705152641,长波紫外线,朱婷一定能王者归来！,2021-08-25 17:12:25
,6268758877,河南大丈夫,安心治病，从头再来，朱婷永远是最棒的。,2021-08-25 17:20:20
,3645604176332460,自由风声uS,朱婷对土耳其手伤发作很简单的问题。第二场马上換人、问题就在这、力什么不換、任可输球也不換丨难道带的五个替补是参观团吗∴,2021-08-26 16:46:37
,99293004349,一七哥Udis,恶人先告状,2021-08-25 16:18:43
,4340487496405211,雪菜肉丝,不敢说，怕报警,2021-08-25 15:48:13
,55625399191,依依150876543,朱婷赶紧手术，等待你满血归来。,2021-08-25 21:55:30
,110086599790,valeekxkl,心疼朱婷，同时也相信朱婷一定会王者归来！我们会一如既往的支持中国女排支持朱婷。,2021-08-25 16:37:20
,111640695824,缘缘jnb,"该报警时及时报警，
要用法律武器保护
自己，我坚决支持
你大婷，希望你伤
早日康复。[赞][赞][赞]",2021-08-25 16:21:36
,52800845752,zhongL139665506,“我们一直很积极地寻求最好的解决办法，调动出最好的状态和阵容来应战”朱婷的这句话不敢恭维。最好的状态最好的阵容打出这样的历史最差成绩，什么原因？不应该好好反省吗？,2021-08-25 19:34:45
,16034623448,与田,当时刘翔也是这样的，没办法只有上场。,2021-08-25 16:18:33
,95513972977,Charlotte316,直面核心问题很难吗,2021-08-25 23:24:50
,1758823228638051,用户1670443718840,竞技体育，胜王败寇,2021-08-25 23:21:46
,5753619348,唐工A,手疼不疼，能不能打自己不知道？，怎么总是不能自圆其说呢？,2021-08-26 04:42:13
,5837039078,正能量帆船Xq,一定有人在撒谎,2021-08-25 16:11:24
,2431739317459181,热血青年吉恩2T0,自己难道不知道伤的重不重？,2021-08-26 04:07:11
,23472810655,明月129158616,这么严重了还上场干啥！,2021-08-25 16:49:11
,96402482408344,风姿卓越清风过山峰,输了吧就找个理由，可以理解,2021-08-25 16:03:59
,55034423855,jzjmt,女排是老郎太依赖朱儿，但关键时刻还是掉链子，之前各个媒体吹嘘的太凶，其实自身武功并没那么强，而女足是老贾太不依赖霜儿，一直强调球队不需要球星，但在比赛中恰恰是靠球星挽回点颜面，总结俩大球教练奥运之旅选拔队员和排兵布阵的共性就是一条道走到黑，不带拐弯滴！,2021-08-25 16:29:25
,103152582588,简单菠萝Oe,每一次打弱队都打满全场，郎平什么意思，郎平觉得比别人聪明其实都明白。,2021-08-26 10:06:58
,92328560925,向阳雪未来,唉，又一个刘翔，赵蕊蕊,2021-08-25 16:37:19
,6357358454,真诚相待G7惨兮兮,换阵容啊，朱休息其她几个上也不会输这么残,2021-08-25 17:25:09
,6193066465,高贵辰星xd,因伤状态下滑至少三年，怎就不彻底治疗呢？,2021-08-25 16:20:25
,111243877603,乐天派海燕mr,伤病早治疗早恢复，健康才是最重要的，下一个奥运期待你王者归来！,2021-08-25 17:17:34
,50075318377,流云流雨,还是缺乏对运动员的保护，所谓带伤上阵也要眼光远一点，在瓦基夫没有伤，回国怎么就伤重了。,2021-08-25 16:56:31
,5759675489,外向帆船sj,队医害了朱婷，应该早早做手术，就是参加不了东京奥运会，也要先把手彻底治好。,2021-08-26 00:33:26
,1736824679588222,铿锵女排,一万个没想到，去年看到朱婷联赛大力跳发，心想朱婷最后的发球短板也练出来了，真是全才啊，难道是昙花一现专打江苏？？？？,2021-08-25 22:34:37
,2458102293083240,直爽的坦荡不忘初心,更没想到朱婷因东奥会失利，而人设崩塌，跌下神坛！,2021-08-26 18:47:06
,4212935404555069,幽默的时过境迁,说明队医对运动员的伤病估计不够充分，要引起高层重视。由此我想到郎导到美国动手术，在这方面我们国家要好好研究,2021-08-25 16:24:31
,105148240796,砂子,赶紧治疗，期待王者归来！,2021-08-25 16:49:53
,646121160712843,我的心forever,有伤就不能打，更何况伤还不轻，带伤打那不是把人给毁了吗！,2021-08-25 16:53:46
,109921830135,聪慧二仪有像,队医教练太差劲了！,2021-08-25 17:11:17
,3843491815490941,快乐上自习,我们等你王者归来！不管未来如何，你永远是中国女排队史上最闪耀的那颗星！加油，永远爱你，永远爱中国女排！,2021-08-25 18:01:32
,5852260947,随性自由的圆月M,赶紧手术,2021-08-26 07:54:32
,70099517697,手机用户70099517697,没有朱婷的中国女排只能是二流球队。只希望早日康复，王者归来。,2021-08-25 16:42:00
,6085695906,杨帆78468286,好好养病,2021-08-25 21:26:35
,55878003244,远见卓识艺术家KU,早点说实话早点做手术不就行了 非得成绩第一 摔了个大跟头才明白,2021-08-25 16:37:23
news_title,user_id,user_name,pl_content,pl_time
,69221441892,qzuser,建议，中国排球，不止排球，只要是国手，都要像姚明，朱婷一样，走出去，展现一下风采！李莹颖应该，龚向羽等也应该，只要有邀请，就《有请必应》……,2022-11-09 10:51:21
,272270322566286,快乐博学风声fi,打俱乐部比赛手不痛了？,2022-11-09 00:44:41
,69863278724,星巴小克,把最优秀的人都挤走了,2022-11-09 02:10:30
,5456183270,Zongqian,可惜劲都用到意大利去了！,2022-11-08 19:42:40
,57803577245,杉林,只是在国外做了手腕的手术，度过恢复期，目前也不是每场都打满全场。而且还加入意甲联赛，拿到高额合同，边恢复边治疗边挣钱，有啥不好。朱婷还想为国出战两届奥运会。,2022-11-09 10:30:09
,1169533926639799,头条用户,受到意大利俱乐部、媒体和观众全方位的欢迎。,2022-11-09 04:54:33
,71014881198,用户名功子歌,朱婷加油,2022-11-08 23:27:42
,537013727017823,智者糯米5N,中国女排的队员也应该像朱婷一样出国打球，提升自己的实力，对国家队也有好处。,2022-11-08 20:42:52
,103735002975,梦幻山丘Rh,手伤还是要保护好………,2022-11-08 16:23:53
,1881983341828259,TZL,看到越来越多的中国体育明星被世界认可，可喜可贺呀！,2022-11-09 02:40:13
,93485912866,翁守民,对于中国女排球迷来说，这是最大的好消息！,2022-11-08 20:15:55
,830855899528024,马乔的尘封往事,希望朱婷恢复到里约奥运会的水平,2022-11-08 20:06:33
,58565427361,山巅云海,目前中国球员有几个能被国外好的俱乐部有看中的？,2022-11-08 17:48:04
,104617175472,天地宽广8011,走出去，是为了更好的未来，朱婷，加油！,2022-11-09 15:26:23
,6401229148,斯斯158037284,希望朱婷越来越好,2022-11-08 20:43:54
,92299235754,真诚菠萝eI,比赛时间不友好,2022-11-08 19:05:00
,12791291481,猫猫影剧院,国手要走出国门段炼,2022-11-09 06:09:08
,59740062629,Quency3,朗指导的功劳,2022-12-06 04:12:14
,67248730769,清闲的雪梨MF,朱婷要注意,2022-11-13 18:20:23
,98050368343,清闲的风声MOj,如果有两至三名中国球员在欧美顶级联赛中效力并担当主力，才是中国女排重新崛起之时。,2022-11-09 00:46:19
,110958173662,橙人刈术,走出去，引进来，希望更多的中国女排运动员走出去，像袁心玥李盈盈等人……,2022-11-08 22:08:22
,52453986032,正能量满格0,关注了,2022-11-08 17:21:32
,3900709259983587,风趣水晶恋,祝朱婷越来越好，加油婷女王[赞][赞][赞][玫瑰][玫瑰][玫瑰],2022-11-08 19:35:16
,62538837600,智者喜鹊iS,国内联赛水平太低！,2022-12-13 07:25:24
,55011635803,俊俏百灵鸟飞梦,斯坎迪奇如果拥有朱女王，龚大侠和袁大叫，那么奇冠就是十有九成,2022-11-09 20:33:56
,967222763465903,用户1974618328536,[捂脸],2022-11-08 23:16:51
news_title,user_id,user_name,pl_content,pl_time
